ply
format ascii 1.0
comment Created by Open3D
element vertex 3948
property double x
property double y
property double z
property double nx
property double ny
property double nz
property uchar red
property uchar green
property uchar blue
end_header
2.54897 -11.2635 45.3569 0.174114 0.222941 -0.959157 255 208 0
8.05494 -7.64282 45.9233 -0.225147 -0.348897 -0.909714 0 41 255
9.92269 -7.71996 45.1376 -0.227848 -0.416199 -0.880263 0 4 255
10.4024 -7.64097 45.1638 -0.130514 -0.34667 -0.928863 0 0 250
10.9773 -8.3292 45.5044 -0.0461291 -0.391663 -0.918952 0 0 232
10.9739 -7.97817 45.4438 -0.00626316 -0.404606 -0.91447 0 0 227
11.4121 -8.37795 45.3348 0.123117 -0.302947 -0.945021 0 0 218
11.4353 -7.9546 45.2895 0.163715 -0.31724 -0.934107 0 0 209
11.8506 -7.77348 45.1629 0.237786 -0.250824 -0.938373 0 0 205
4.50253 -6.65622 45.4543 -0.215192 -0.143451 -0.965978 12 245 235
4.53555 -6.2884 45.3905 -0.324004 -0.0791038 -0.942743 0 229 248
4.52023 -5.78271 45.3494 -0.386318 0.181242 -0.904383 0 213 255
4.53759 -5.40471 45.3867 -0.416618 0.290835 -0.861304 0 193 255
4.95929 -6.25837 45.0987 -0.209457 -0.181496 -0.960826 0 229 248
4.95827 -5.78198 45.1137 -0.335371 0.084335 -0.938304 0 209 255
5.43251 -6.27621 45.0081 -0.0271823 -0.269436 -0.962635 0 205 255
5.4374 -5.32572 45.0303 -0.266641 0.220634 -0.938202 0 165 255
5.89565 -6.23189 45.0854 0.12051 -0.321916 -0.939067 0 173 255
5.914 -5.7992 45.0107 0.0873609 -0.168841 -0.981764 0 157 255
5.915 -5.32989 45.0565 -0.0250774 0.0027918 -0.999682 0 141 255
6.36547 -5.79262 45.2324 0.188922 -0.241178 -0.951915 0 113 255
6.38943 -5.30659 45.186 0.120654 -0.125661 -0.984709 0 100 255
8.51176 -7.26954 45.669 -0.272374 -0.339198 -0.900421 0 20 255
8.46946 -6.80388 45.5742 -0.301494 -0.191649 -0.934009 0 4 255
8.93515 -6.815 45.3911 -0.341455 -0.169352 -0.924515 0 0 255
8.89856 -5.94271 45.3466 -0.258723 -0.160109 -0.95259 0 0 250
9.37583 -5.80934 45.1339 -0.198728 -0.028412 -0.979643 0 0 218
9.40835 -7.32671 45.1886 -0.268483 -0.357102 -0.894648 0 17 255
9.38755 -6.86895 45.1802 -0.298601 -0.174021 -0.938378 0 0 255
9.36853 -6.39564 45.1763 -0.295625 -0.0828485 -0.951705 0 0 246
9.32641 -5.44184 45.0939 -0.101317 -0.0212085 -0.994628 0 0 218
9.87293 -7.31989 45.0369 -0.198248 -0.331508 -0.922388 0 4 255
9.84188 -6.86525 44.9774 -0.211926 -0.178263 -0.96089 0 0 250
9.83436 -6.39626 44.9957 -0.204894 -0.0470218 -0.977654 0 0 232
9.82081 -5.91414 45.0042 -0.201322 0.0317654 -0.97901 0 0 205
9.82695 -5.43942 45.0235 -0.108961 0.0811528 -0.990728 0 0 200
10.3222 -6.83873 44.9144 -0.0854584 -0.161528 -0.983161 0 0 237
10.3074 -6.37841 44.8735 -0.120916 -0.0506788 -0.991368 0 0 214
10.3073 -5.90477 44.9084 -0.132536 0.0479527 -0.990018 0 0 187
10.3143 -5.42819 44.9943 -0.118436 0.0955103 -0.988358 0 0 164
10.7747 -6.3581 44.7834 -0.00539051 -0.0852958 -0.996341 0 0 196
10.7821 -5.88611 44.8621 -0.0632256 0.0306741 -0.997528 0 0 168
10.8074 -5.41628 44.9605 -0.117677 0.0917762 -0.988802 0 0 132
11.1955 -6.68377 44.8756 0.0606165 -0.135132 -0.988972 0 0 209
11.2196 -6.25539 44.7592 0.0466645 -0.0913499 -0.994725 0 0 191
11.2695 -5.85046 44.8994 0.0157583 -0.0515408 -0.998547 0 0 159
11.439 -7.43188 45.2923 0.216882 -0.238212 -0.946687 0 0 173
11.8834 -7.45463 45.1617 0.241608 -0.245067 -0.938918 0 0 187
11.9162 -6.94671 45.1013 0.25782 -0.22223 -0.940289 0 0 155
11.9476 -6.55582 45.0608 0.247238 -0.21099 -0.945704 0 0 146
11.9469 -5.95242 45.0742 0.181958 -0.201475 -0.962444 0 0 164
11.9492 -5.53787 45.0498 0.10075 -0.164831 -0.981163 0 0 178
12.0944 -5.29472 45.0097 0.12985 -0.177212 -0.975569 0 0 191
12.375 -5.8978 45.0811 0.188889 -0.21198 -0.958846 0 0 191
12.7407 -5.88193 45.1321 0.220734 -0.247451 -0.943421 0 0 200
12.8064 -5.44376 45.0134 0.199689 -0.203862 -0.958418 0 0 218
13.4905 -6.41785 45.5956 0.201781 -0.289756 -0.935588 0 0 255
13.9519 -6.41357 45.2684 0.259815 -0.252213 -0.93214 0 0 241
13.9647 -6.00366 45.334 0.274346 -0.19827 -0.940969 0 0 255
13.9917 -5.53671 45.3079 0.306267 -0.11952 -0.944413 0 17 255
14.3581 -5.4848 45.255 0.341483 -0.0839027 -0.936136 0 25 255
5.45855 -4.85513 45.3457 -0.382869 0.285437 -0.8786 0 121 255
5.49934 -4.39448 45.5622 -0.449141 0.212935 -0.867716 0 84 255
5.54275 -3.43556 45.6209 -0.477687 -0.0829943 -0.874601 0 45 255
5.49225 -3.01671 45.4883 -0.448036 -0.105257 -0.887798 0 41 255
5.91771 -4.85127 45.1634 -0.181978 0.123016 -0.975577 0 113 255
5.93191 -4.38088 45.2762 -0.361547 0.0979588 -0.927194 0 81 255
5.95622 -3.91239 45.3987 -0.430814 0.0243437 -0.902113 0 52 255
5.95229 -3.49436 45.3995 -0.416308 0.0162436 -0.909078 0 45 255
5.92402 -2.9593 45.3369 -0.346191 -0.0484557 -0.936912 0 29 255
6.39373 -4.90554 45.1357 -0.0712962 -0.0355062 -0.996823 0 93 255
6.39537 -4.37635 45.1562 -0.216077 0.0428508 -0.975436 0 65 255
6.39964 -3.90389 45.2117 -0.262036 0.0273604 -0.96467 0 49 255
6.40349 -3.48989 45.2537 -0.270815 0.00827857 -0.962596 0 33 255
6.39807 -3.01637 45.2622 -0.211666 0.0269511 -0.97697 0 17 255
6.87432 -4.89254 45.1711 -0.0199279 -0.152618 -0.988084 0 61 255
6.86884 -4.37339 45.0824 -0.146625 -0.0515224 -0.987849 0 45 255
6.8591 -3.9004 45.0645 -0.188525 0.031599 -0.98156 0 29 255
6.86134 -3.42496 45.1075 -0.195252 0.0429896 -0.979811 0 13 255
6.86864 -2.95478 45.1731 -0.203682 0.049346 -0.977793 0 0 255
7.32212 -3.37623 44.9687 -0.166835 0.030513 -0.985513 0 0 255
7.35177 -4.88612 45.1279 -0.0344344 -0.263644 -0.964005 0 33 255
7.34254 -4.42727 45.0193 -0.0827695 -0.137378 -0.987054 0 25 255
7.33195 -3.96008 44.9633 -0.141484 0.0104682 -0.989885 0 13 255
7.33798 -2.94986 45.0479 -0.170822 0.049193 -0.984073 0 0 250
7.82018 -4.88125 45.0395 -0.0379601 -0.274761 -0.960763 0 9 255
7.81379 -4.42257 44.9455 -0.0537738 -0.148581 -0.987437 0 4 255
7.81294 -3.95287 44.938 -0.0309003 -0.00978498 -0.999475 0 0 255
7.81267 -2.95094 44.9538 -0.162972 -0.00832674 -0.986595 0 0 223
8.28607 -4.87423 44.9552 -0.0488176 -0.22183 -0.973863 0 0 255
8.28166 -4.41417 44.9081 0.0237507 -0.111236 -0.99351 0 0 255
8.29229 -3.9423 45.0053 0.0798417 -0.0496613 -0.99557 0 0 237
8.30106 -3.42001 45.1136 0.096171 -0.0147629 -0.995255 0 0 191
8.29346 -2.94836 44.9603 -0.0666057 -0.120668 -0.990456 0 0 187
8.7422 -4.3994 44.9571 0.137854 0.0159281 -0.990324 0 0 223
9.29091 -4.91883 45.0394 0.0237223 0.0701301 -0.997256 0 0 200
9.22773 -4.40658 45.0951 0.16378 0.17776 -0.970349 0 0 173
9.83073 -4.95452 45.1602 -0.0705931 0.181649 -0.980826 0 0 150
9.8733 -4.4968 45.4943 -0.0318835 0.239718 -0.970319 0 0 164
9.86267 -3.44753 45.7153 -0.0733445 -0.0484399 -0.99613 0 0 214
9.87344 -3.00108 45.3738 0.0203528 -0.237081 -0.971277 0 0 205
10.3351 -4.95598 45.1317 -0.148557 0.204933 -0.967436 0 0 150
10.3746 -4.55046 45.3391 -0.209993 0.233191 -0.949487 0 0 168
10.3286 -2.99199 45.2168 -0.290455 -0.170938 -0.941497 0 0 214
10.7947 -4.94193 44.9701 -0.243991 0.153853 -0.957496 0 0 164
10.8093 -4.47266 45.0577 -0.433338 0.144091 -0.889638 0 0 187
10.8269 -3.99499 45.1477 -0.430272 0.0451959 -0.901567 0 0 200
10.8329 -3.5106 45.2155 -0.455761 -0.0387897 -0.889257 0 0 223
10.8053 -3.04063 45.1065 -0.362507 -0.100692 -0.926526 0 0 227
11.2802 -4.93356 44.8359 -0.183122 -0.0170926 -0.982942 0 0 155
11.2448 -4.45581 44.7629 -0.279864 -0.0156368 -0.959912 0 0 164
11.2421 -3.98234 44.7767 -0.395731 -0.0277053 -0.917949 0 0 182
11.2571 -3.44965 44.873 -0.423064 -0.0244752 -0.905769 0 0 214
11.256 -3.03394 44.8883 -0.331295 -0.000567189 -0.943527 0 0 227
11.7416 -4.91428 44.7869 -0.0308141 -0.11248 -0.993176 0 0 168
11.7065 -4.4436 44.6306 -0.107779 -0.092947 -0.98982 0 0 182
11.6996 -3.97174 44.5919 -0.135068 -0.0597645 -0.989032 0 0 191
11.7028 -3.4988 44.6291 -0.0978505 -0.000520933 -0.995201 0 0 205
11.7116 -3.02712 44.7037 -0.182734 0.0634624 -0.981112 0 0 232
12.132 -4.42612 44.6157 0.0282394 -0.12432 -0.99184 0 0 191
12.1486 -3.96058 44.5369 0.0022737 -0.072567 -0.997361 0 0 196
12.1466 -3.43388 44.5517 0.00721666 0.0298049 -0.99953 0 0 227
12.1539 -3.02528 44.5859 0.0167476 0.071057 -0.997332 0 0 232
12.4449 -5.03875 44.8789 0.176964 -0.180744 -0.967479 0 0 227
12.8432 -4.98817 44.9326 0.250077 -0.121271 -0.960601 0 0 232
12.8614 -4.51701 44.9064 0.307278 -0.11132 -0.945086 0 0 246
12.8948 -4.03459 44.8846 0.336767 -0.0794604 -0.938229 0 0 255
12.9272 -3.54295 44.8618 0.345796 -0.0303605 -0.937818 0 1 255
12.9466 -3.04781 44.8393 0.333953 0.0522543 -0.94114 0 17 255
13.164 -4.93002 45.1149 0.296733 -0.105072 -0.949163 0 0 255
13.2251 -3.54754 45.0378 0.359599 -0.0408015 -0.932214 0 25 255
13.2714 -3.06791 44.9796 0.356162 0.0285996 -0.933987 0 36 255
13.5743 -3.01928 45.0675 0.38858 0.017503 -0.921249 0 57 255
13.9947 -5.05519 45.372 0.311956 -0.0366132 -0.949391 0 33 255
13.9818 -4.57049 45.4788 0.321539 -0.0425521 -0.94594 0 57 255
14.3249 -4.00477 45.4803 0.366881 -0.0103621 -0.93021 0 89 255
14.3557 -3.59293 45.4889 0.380324 -0.0143066 -0.924743 0 105 255
14.3842 -3.11561 45.4762 0.377196 0.00200642 -0.926131 0 116 255
22.5948 -4.8807 45.3439 0.123377 -0.401067 -0.907702 0 193 255
5.99523 -2.05782 45.2269 -0.166097 0.000627716 -0.986109 0 9 255
5.99713 -1.20049 45.2868 -0.158384 0.138228 -0.977654 0 0 241
5.89246 -2.48468 45.2686 -0.280157 -0.0527087 -0.958506 0 20 255
6.38863 -2.48328 45.2543 -0.182316 0.00316088 -0.983235 0 1 255
6.38614 -2.00329 45.247 -0.141078 0.0481572 -0.988826 0 0 255
6.38783 -1.51814 45.26 -0.0891041 0.119959 -0.988772 0 0 237
6.39284 -1.02423 45.3135 -0.10515 0.17149 -0.979558 0 0 218
6.87711 -2.48203 45.2353 -0.177236 0.067514 -0.98185 0 0 241
6.8807 -2.06714 45.2651 -0.133215 0.0862632 -0.987326 0 0 223
6.88354 -1.53008 45.2876 -0.096829 0.128483 -0.986973 0 0 205
6.89153 -1.05942 45.3419 -0.0782657 0.199002 -0.976869 0 0 182
6.9009 -0.658434 45.4009 -0.0267715 0.305736 -0.95174 0 0 182
7.33942 -2.53559 45.1033 -0.162539 0.0603688 -0.984854 0 0 237
7.3532 -2.0651 45.1829 -0.175097 0.107853 -0.978626 0 0 200
7.3619 -1.59486 45.2375 -0.165517 0.126051 -0.978118 0 0 182
7.37116 -1.0706 45.3016 -0.121557 0.250117 -0.960555 0 0 164
7.39179 -0.631424 45.4198 -0.10489 0.342536 -0.933631 0 0 173
7.81012 -2.47344 45.0012 -0.237118 0.0523387 -0.97007 0 0 200
7.81832 -2.00318 45.0085 -0.261096 0.117563 -0.958127 0 0 187
7.82515 -1.52407 45.1092 -0.250315 0.159484 -0.954938 0 0 182
7.84335 -1.07189 45.2062 -0.210164 0.303799 -0.929267 0 0 150
7.86442 -0.629689 45.3355 -0.138521 0.378533 -0.915164 0 0 164
8.21824 -2.08619 44.8275 -0.294033 0.138373 -0.945726 0 0 182
8.27258 -2.46702 44.7803 -0.155297 -0.0658191 -0.985673 0 0 196
8.2888 -1.50964 44.9436 -0.275229 0.2222 -0.935348 0 0 146
8.30302 -1.11836 45.0514 -0.208017 0.297489 -0.931788 0 0 141
8.3235 -0.619748 45.1786 -0.165786 0.397701 -0.902413 0 0 159
8.71935 -2.43299 44.4919 0.0260599 -0.174508 -0.984311 0 0 205
8.73635 -1.93248 44.5303 -0.0351803 0.0392363 -0.99861 0 0 196
8.74106 -1.48718 44.7872 -0.0710725 0.229548 -0.970699 0 0 137
8.7664 -1.11173 44.9142 -0.0650364 0.388158 -0.919295 0 0 146
8.79262 -0.629499 45.0565 -0.0552335 0.418454 -0.906557 0 0 187
9.06141 -1.97666 43.9497 0.0581334 -0.00925845 -0.998266 0 0 218
9.22518 -1.55597 44.6515 0.105218 0.270275 -0.957016 0 0 182
9.24697 -1.09898 44.9149 0.091745 0.352753 -0.931208 0 0 187
9.25534 -0.73879 45.0664 0.0473175 0.363226 -0.930499 0 0 209
9.67675 -1.64722 44.8901 0.208367 0.0721028 -0.975389 0 0 200
10.2019 -2.50067 45.0427 -0.100854 -0.11302 -0.988461 0 0 209
10.1376 -2.10834 45.0191 0.132594 -0.0648328 -0.989048 0 0 214
10.3384 -1.58687 45.158 -0.0252533 0.0774376 -0.996677 0 0 250
10.3473 -1.12562 45.3027 -0.00802649 0.186332 -0.982454 0 1 255
10.3556 -0.592813 45.3722 0.00259777 0.242092 -0.97025 0 13 255
10.7883 -2.56284 45.0004 -0.269695 -0.0882749 -0.958891 0 0 227
10.7922 -2.07698 45.016 -0.172503 0.0649311 -0.982866 0 0 250
10.8102 -1.60521 45.1324 -0.153132 0.10512 -0.982599 0 0 255
10.8149 -1.14332 45.2315 -0.0370139 0.21127 -0.976727 0 13 255
10.8215 -0.598613 45.2223 0.0359939 0.25099 -0.96732 0 20 255
11.2536 -2.55668 44.8887 -0.214103 0.086392 -0.972983 0 0 246
11.2594 -2.08037 44.9185 -0.204053 0.0921416 -0.974614 0 0 255
11.2734 -1.6171 45.0371 -0.0810703 0.189903 -0.97845 0 13 255
11.2785 -0.637169 44.9358 0.0593682 0.30309 -0.951111 0 9 255
11.7157 -2.55545 44.7521 -0.135316 0.0952466 -0.986214 0 0 246
11.7198 -2.08326 44.7871 -0.0148185 0.202502 -0.97917 0 0 255
11.728 -1.56509 44.8921 0.0466356 0.298418 -0.953295 0 17 255
11.7054 -1.13349 45.0648 0.0925869 0.344223 -0.934312 0 33 255
12.1545 -2.56048 44.6437 0.0605981 0.144211 -0.98769 0 0 250
12.1553 -2.09497 44.6738 0.0667024 0.222326 -0.972688 0 0 255
12.1354 -1.64826 44.7691 0.0837087 0.28327 -0.95538 0 13 255
12.9442 -2.48529 44.9356 0.298547 0.173903 -0.938417 0 36 255
12.9335 -2.00085 45.0219 0.272957 0.27152 -0.922915 0 57 255
12.8766 -1.57153 45.2393 0.256478 0.374166 -0.891189 0 84 255
12.7917 -1.22738 45.4778 0.245695 0.431634 -0.867944 0 109 255
13.2781 -2.53865 45.0158 0.336213 0.10822 -0.935547 0 57 255
13.2058 -1.67178 45.3004 0.273464 0.374056 -0.886171 0 97 255
14.401 -2.6413 45.4804 0.36766 0.0853826 -0.926032 0 129 255
14.4276 -2.11518 45.5328 0.346052 0.157897 -0.924833 0 145 255
14.4253 -1.70317 45.5873 0.272252 0.232982 -0.933594 0 161 255
14.4211 -1.24471 45.7065 0.17507 0.323768 -0.929798 0 177 255
16.0169 -1.95753 46.2815 0.0957879 -0.223563 -0.969971 28 255 219
17.7254 -1.11432 45.3337 -0.233178 -0.0299239 -0.971973 0 217 255
17.7621 -0.619594 45.5872 -0.226103 0.0225758 -0.973842 9 241 238
18.9303 -1.58872 45.5464 0.00620251 -0.438672 -0.898626 12 245 235
18.9347 -1.16199 45.3329 -0.0641021 -0.174357 -0.982594 0 221 254
18.9432 -0.674259 45.2994 -0.0206784 0.101749 -0.994595 0 217 255
19.3332 -0.641089 45.2427 0.0538758 0.0934357 -0.994167 0 209 255
20.5196 -2.21122 44.9778 0.124236 -0.318738 -0.939666 0 189 255
20.5009 -1.10875 45.4292 0.244053 -0.192915 -0.95038 0 221 254
6.93571 -0.196802 45.578 -0.0521111 0.423223 -0.904526 0 0 128
7.99069 0.181807 45.8037 -0.150734 0.427269 -0.891471 0 0 218
8.41501 0.209922 45.6508 -0.14894 0.413873 -0.898068 0 0 232
8.80915 -0.219092 45.2671 -0.0667311 0.438787 -0.89611 0 0 200
10.3632 -0.187148 45.4342 -0.0344341 0.220142 -0.97486 0 29 255
10.8151 -0.0909855 45.0932 0.0131587 0.175361 -0.984416 0 17 255
10.8724 0.31548 45.4666 0.0362497 0.113041 -0.992929 0 52 255
10.8836 1.31496 45.4483 -0.102966 -0.207312 -0.972841 0 57 255
10.8448 1.7215 45.265 -0.171026 -0.287079 -0.942516 0 33 255
10.7941 2.23022 45.0456 -0.267373 -0.23921 -0.933429 0 13 255
11.1325 2.30058 44.5935 -0.16767 -0.282464 -0.944511 0 0 255
11.3183 0.827131 45.6007 0.0918655 -0.0349712 -0.995157 0 84 255
11.3122 1.35739 45.4928 0.0299877 -0.284571 -0.958186 0 77 255
11.7055 2.2145 44.8968 0.104709 -0.358612 -0.927596 0 36 255
12.8122 1.39805 45.6353 0.196228 -0.250211 -0.948098 0 149 255
14.9696 2.01932 45.7911 -0.0843343 -0.250418 -0.964458 0 213 255
16.2086 0.40237 46.0255 -0.166691 -0.132339 -0.977088 31 255 215
16.1524 1.83859 45.5637 -0.138685 -0.249836 -0.958305 0 217 255
16.5733 1.40034 45.629 -0.0795151 -0.259492 -0.962466 2 232 244
16.5696 1.86311 45.3535 -0.102348 -0.236885 -0.966132 0 200 255
17.7102 0.839085 45.8425 -0.0330959 -0.0404713 -0.998632 25 255 222
18.9495 -0.159581 45.4327 -0.0309577 0.147219 -0.988619 0 225 251
19.3986 1.89601 45.3209 -0.161899 -0.280648 -0.946058 0 165 255
20.4734 0.341327 45.7865 0.0378748 -0.00732257 -0.999256 0 225 251
20.4889 0.832128 45.6672 0.0370213 -0.122098 -0.991827 0 200 255
21.7389 0.37755 45.5873 0.0281582 -0.157663 -0.987091 0 168 255
21.7666 1.40821 45.325 0.110531 -0.0617367 -0.991953 0 105 255
22.9838 1.42781 45.5442 0.0916799 -0.0775398 -0.992765 0 73 255
6.01085 4.43146 45.622 0.00274214 -0.241753 -0.970334 0 0 227
6.90991 3.86567 46.0333 0.165045 -0.307157 -0.937238 0 4 255
6.87986 4.75556 45.6884 0.0860972 -0.309749 -0.946912 0 0 255
7.9041 4.82116 45.5559 -0.0671277 -0.470736 -0.879717 0 0 255
9.9354 3.26673 45.2687 -0.397573 -0.0634262 -0.915376 0 1 255
9.94975 3.72922 45.2409 -0.374017 -0.0203019 -0.927199 0 0 255
10.3024 3.20108 45.1711 -0.403078 -0.0241957 -0.914846 0 4 255
10.352 4.11495 45.2571 -0.332042 -0.00491305 -0.943252 0 4 255
10.3019 3.68159 45.163 -0.37895 0.00666467 -0.925393 0 1 255
10.4019 4.66235 45.3509 -0.24603 -0.0764751 -0.966241 0 13 255
10.7762 2.69038 44.991 -0.318807 -0.162256 -0.933828 0 9 255
10.7897 3.197 45.0635 -0.363006 -0.0281081 -0.931363 0 17 255
10.8215 3.68624 45.1263 -0.372166 0.0165366 -0.928019 0 17 255
10.8485 4.16979 45.1687 -0.390446 0.0174028 -0.920462 0 25 255
10.863 4.64982 45.1745 -0.338361 -0.0334563 -0.940421 0 25 255
11.0482 2.86902 44.7936 -0.26485 -0.171738 -0.948873 0 9 255
11.3053 3.67658 44.9914 -0.368333 -0.0551 -0.92806 0 20 255
11.3027 4.15273 44.9544 -0.477156 -0.0220188 -0.878543 0 25 255
11.6632 4.58734 44.2817 -0.360409 0.0567051 -0.931069 0 0 209
11.7724 2.68729 44.7361 0.0374023 -0.389143 -0.920418 0 25 255
11.7713 3.15845 44.7146 -0.0599964 -0.409448 -0.910358 0 17 255
11.7568 3.64857 44.7244 -0.120884 -0.22777 -0.966182 0 13 255
11.7055 4.10178 44.5158 -0.327963 -0.0537265 -0.943162 0 0 250
11.9847 4.0506 43.7147 -0.175485 -0.0592776 -0.982696 0 0 178
12.1809 3.23211 44.7746 0.176626 -0.369245 -0.912393 0 33 255
12.1676 3.61944 44.3609 0.143009 -0.240088 -0.960159 0 0 255
12.0663 4.62674 43.8796 -0.199701 0.0660966 -0.977625 0 0 196
12.8683 2.30536 45.4384 0.252033 -0.358557 -0.898841 0 129 255
12.8521 3.224 45.4383 0.288694 -0.285008 -0.914017 0 113 255
12.8787 2.78035 45.4121 0.259115 -0.309585 -0.914886 0 121 255
13.0442 4.62285 44.7652 0.294168 -0.189926 -0.936693 0 29 255
13.6477 2.94761 45.5663 0.124056 -0.211629 -0.969445 0 153 255
13.6892 4.35103 45.2948 0.0587491 -0.275578 -0.959482 0 97 255
14.1932 4.80507 44.8545 -0.0139124 -0.280137 -0.959859 0 57 255
14.5422 3.30727 45.3957 -0.00107762 -0.252739 -0.967534 0 149 255
14.5485 3.83639 45.4854 0.00701224 -0.336439 -0.941679 0 145 255
14.5529 4.29244 45.3702 -0.0209196 -0.355029 -0.934621 0 125 255
14.9697 3.34834 45.3513 -0.0855505 -0.250471 -0.964337 0 153 255
14.983 3.87394 45.299 -0.0467681 -0.339177 -0.939559 0 136 255
14.9874 4.29909 45.1495 -0.0530876 -0.35493 -0.933384 0 105 255
15.4226 4.3406 44.9903 -0.0836958 -0.395686 -0.914564 0 97 255
15.8523 4.79725 44.6837 -0.0306453 -0.370579 -0.928295 0 49 255
16.1551 2.84673 45.4222 -0.0756042 -0.199249 -0.977028 0 185 255
16.1601 3.33342 45.3953 -0.0732986 -0.192137 -0.978627 0 168 255
16.1688 3.80869 45.3325 -0.0610602 -0.220018 -0.973583 0 145 255
16.1863 4.26134 45.1981 -0.0275603 -0.291251 -0.95625 0 121 255
16.5687 2.3027 45.1433 -0.104731 -0.211039 -0.971851 0 173 255
16.5765 2.85387 45.1557 -0.075838 -0.164225 -0.983503 0 161 255
16.5761 3.34613 45.1513 -0.00944272 -0.155635 -0.98777 0 145 255
16.5806 3.83179 45.1213 -0.0249203 -0.182715 -0.98285 0 125 255
16.5834 4.34106 45.1634 -0.00103722 -0.273673 -0.961822 0 109 255
16.9796 3.83581 45.0557 -0.0403337 -0.193753 -0.980221 0 113 255
17.745 2.48737 45.7434 0.156817 -0.269889 -0.950036 0 221 254
17.7646 2.93584 45.5561 0.0715364 -0.278065 -0.957895 0 185 255
17.774 3.35916 45.2904 0.0118176 -0.250044 -0.968162 0 145 255
17.7769 3.81669 45.1323 -0.0439471 -0.263122 -0.963761 0 113 255
17.7694 4.31989 45.1532 -0.0705103 -0.243004 -0.967459 0 97 255
18.2071 3.88039 45.051 -0.143296 -0.282424 -0.948527 0 97 255
18.2023 4.32274 44.8613 -0.191328 -0.250027 -0.949147 0 61 255
18.6384 4.37217 44.7291 -0.253598 -0.219449 -0.942088 0 36 255
18.971 2.87681 45.4119 -0.206967 -0.386907 -0.898592 0 145 255
18.9546 3.34577 45.3073 -0.233883 -0.352698 -0.906037 0 116 255
18.9315 3.79103 45.1428 -0.310963 -0.310083 -0.898416 0 89 255
19.3812 2.36098 45.1352 -0.24124 -0.311966 -0.918956 0 129 255
19.3598 2.84338 44.9409 -0.242993 -0.404653 -0.881595 0 93 255
19.3576 3.32572 44.897 -0.234297 -0.380061 -0.894795 0 73 255
19.3646 3.83607 44.8897 -0.246522 -0.295684 -0.922929 0 57 255
19.3581 4.31515 44.7977 -0.185553 -0.195604 -0.962969 0 25 255
19.7651 3.35255 44.5816 -0.12043 -0.352408 -0.928065 0 29 255
19.7512 3.79703 44.4155 -0.144799 -0.27047 -0.951777 0 1 255
19.761 4.30227 44.4122 -0.0736287 -0.151573 -0.9857 0 0 250
20.1572 3.86025 44.2623 0.080531 -0.215191 -0.973246 0 0 241
20.1625 4.32634 44.248 0.071265 -0.134604 -0.988333 0 0 214
20.522 2.52475 45.4833 0.079144 -0.278889 -0.957057 0 121 255
20.558 2.93175 45.1799 0.107601 -0.38559 -0.916375 0 77 255
20.5751 3.39963 45.0729 0.100311 -0.379346 -0.919801 0 49 255
21.7976 3.37863 45.0099 0.159002 -0.487611 -0.85846 0 0 255
21.8099 3.87356 44.9521 0.128714 -0.409142 -0.903347 0 0 237
21.8065 4.32754 44.7804 0.108195 -0.237323 -0.965387 0 0 200
22.1712 3.49128 44.7104 0.0786586 -0.440443 -0.894328 0 0 223
22.1821 3.98056 44.6701 0.0721508 -0.363963 -0.928615 0 0 187
22.9893 3.02799 45.4817 -0.00290692 -0.326109 -0.945328 0 13 255
23.0204 3.96469 45.1376 0.13662 -0.290885 -0.946953 0 0 196
23.0388 3.53321 45.2218 0.0708276 -0.372313 -0.925401 0 0 237
23.0749 4.48343 44.958 0.255416 -0.200223 -0.945872 0 0 146
23.2736 4.62852 45.1613 0.29608 -0.174666 -0.939057 0 0 159
24.2663 2.88815 45.135 0.133406 -0.183341 -0.973955 0 0 182
24.2178 4.63961 45.542 0.201633 -0.147482 -0.968294 0 0 187
25.5901 3.93609 45.1236 0.226097 -0.0706621 -0.971538 0 0 209
0.828784 6.65785 46.0438 -0.0266433 0.0227823 -0.999385 0 0 168
1.21382 5.59941 45.723 -0.170475 -0.219162 -0.96068 0 0 191
2.16891 7.07016 46.2328 -0.040077 -0.0725001 -0.996563 0 0 205
5.51869 7.04295 45.3919 -0.184351 -0.129141 -0.974339 0 0 232
5.98944 6.0803 45.4077 -0.124072 -0.107895 -0.98639 0 0 227
5.992 6.55702 45.3634 -0.136771 -0.127997 -0.982298 0 0 227
6.33561 5.27339 45.4169 0.0132815 -0.171089 -0.985166 0 0 223
6.47538 6.07733 45.3814 -0.103024 -0.147027 -0.983753 0 0 241
6.47559 6.55451 45.3312 -0.114642 -0.15495 -0.981248 0 0 223
6.47728 6.97016 45.2773 -0.158087 -0.176569 -0.97151 0 0 223
6.94848 5.27225 45.4688 -0.0740996 -0.279541 -0.95727 0 0 237
6.95988 6.10108 45.4376 -0.13979 -0.181789 -0.973351 0 0 241
6.9544 6.55017 45.2641 -0.177819 -0.196774 -0.964189 0 0 218
6.94727 7.01659 45.1606 -0.183783 -0.189501 -0.964528 0 0 218
7.14225 7.08276 43.3001 -0.48699 -0.00476177 -0.873394 0 1 255
7.37554 5.27049 45.4916 -0.122243 -0.343251 -0.931255 0 0 246
7.43097 6.54451 45.1902 -0.2753 -0.210605 -0.938006 0 0 209
7.42503 7.00996 45.0909 -0.290072 -0.165577 -0.942572 0 0 214
7.88316 5.22374 45.3606 -0.127846 -0.407986 -0.903993 0 0 237
7.89071 5.6244 45.2591 -0.185649 -0.367483 -0.911313 0 0 218
7.8935 6.99605 44.9809 -0.266632 -0.127266 -0.955359 0 0 196
8.04128 6.14663 43.1789 -0.497792 -0.381132 -0.779064 0 1 255
8.3818 5.1706 45.2014 -0.145986 -0.463788 -0.873835 0 0 237
8.3567 5.57572 45.0223 -0.196389 -0.452361 -0.869943 0 0 209
8.34376 5.99788 44.8929 -0.257079 -0.351275 -0.900287 0 0 182
8.35116 6.96618 44.6746 -0.246722 0.0290274 -0.968652 0 0 178
8.7312 6.60762 44.4783 -0.242317 -0.0851974 -0.966449 0 0 137
8.69635 6.66146 44.0309 -0.118512 -0.00209951 -0.99295 0 0 168
8.94718 6.30103 42.9797 -0.000129151 -0.28764 -0.957739 0 13 255
9.35733 5.29807 45.2759 -0.0962993 -0.413278 -0.905499 0 0 241
9.31249 5.64546 44.9998 -0.0289751 -0.514598 -0.856942 0 0 209
9.30094 6.07936 44.5674 -0.0386223 -0.423939 -0.904867 0 0 159
9.2884 6.89894 44.4688 0.0829802 0.134102 -0.987487 0 0 150
9.56876 6.34594 43.6398 0.281474 -0.142261 -0.948965 0 0 209
9.75105 5.94956 44.3801 0.0792786 -0.489154 -0.868587 0 0 173
9.72918 6.93864 44.3252 0.192482 0.140069 -0.971252 0 0 168
10.4003 5.13879 45.301 -0.21167 -0.22359 -0.951422 0 9 255
10.3667 6.01489 45.0076 0.0952639 -0.220565 -0.970709 0 0 227
10.3843 5.61422 45.2133 -0.078848 -0.263872 -0.96133 0 0 255
10.3024 6.66351 44.6628 0.140514 -0.0156875 -0.989954 0 0 182
10.8685 5.12838 45.1503 -0.22955 -0.104868 -0.967631 0 9 255
10.8567 5.6005 45.0163 -0.0956738 -0.0992609 -0.990451 0 0 246
10.8574 6.07818 44.9266 -0.0135318 -0.134563 -0.990813 0 0 232
10.8823 7.03853 44.946 -0.0953597 -0.0780005 -0.992382 0 0 214
11.2675 5.8051 44.7469 -0.198079 0.0550078 -0.978641 0 0 227
11.2903 5.05067 44.822 -0.409038 0.0845812 -0.908589 0 0 255
11.2845 5.59721 44.7799 -0.236276 0.0412415 -0.97081 0 0 232
11.3941 6.61488 44.9871 -0.136441 -0.0704047 -0.988143 0 0 237
11.3777 7.09835 44.9558 -0.135002 -0.0934276 -0.986431 0 0 218
11.8636 6.58388 44.9314 -0.0956476 -0.0633814 -0.993395 0 0 241
11.8364 7.06335 44.8591 -0.085647 -0.0708066 -0.993806 0 0 218
12.2524 5.53965 44.5974 -0.09184 0.104615 -0.990263 0 0 241
12.2709 6.0079 44.7116 -0.093466 0.113589 -0.989122 0 0 250
12.3881 6.65774 44.7241 -0.0796078 -0.0538006 -0.995373 0 0 227
12.6867 5.11397 44.343 0.148583 0.0796896 -0.985684 0 0 255
12.6937 6.04845 44.6769 -0.0582553 0.0567013 -0.99669 0 0 255
12.7289 6.53314 44.6753 -0.0933068 -0.0224357 -0.995385 0 0 232
12.9753 5.73327 44.7092 0.0882935 -0.0362153 -0.995436 0 0 255
12.9425 7.11959 44.6195 -0.0791675 -0.0544277 -0.995374 0 0 209
13.0964 7.06556 44.6189 -0.0255784 -0.0748744 -0.996865 0 0 214
13.3965 5.68043 44.8354 0.0682063 -0.0990597 -0.992741 0 13 255
13.399 6.16332 44.7329 0.0601393 -0.0368035 -0.997511 0 0 255
13.4205 6.62802 44.6095 0.0361835 -0.0958914 -0.994734 0 0 232
13.8209 5.14757 44.765 0.102992 -0.20065 -0.974234 0 29 255
13.8108 5.66309 44.7334 0.104851 -0.134213 -0.98539 0 13 255
13.7734 6.15932 44.8102 0.101507 -0.0587988 -0.993096 0 4 255
13.8133 6.63373 44.6569 0.0695165 -0.117246 -0.990667 0 0 250
13.8396 7.09614 44.5273 0.0405589 -0.134293 -0.990111 0 0 237
14.2357 5.20739 44.6557 0.00468161 -0.197844 -0.980222 0 25 255
14.5571 6.20677 45.0727 -0.0809568 -0.0860672 -0.992995 0 36 255
14.5536 6.69444 45.0025 -0.060084 -0.112301 -0.991856 0 17 255
14.9865 4.7539 45.0392 -0.101315 -0.325268 -0.940179 0 81 255
14.9761 5.69763 44.8473 -0.247339 -0.12099 -0.961345 0 41 255
14.9925 6.20321 44.8942 -0.200984 -0.0404818 -0.978758 0 25 255
14.9951 6.68784 44.8397 -0.154439 -0.0840312 -0.984422 0 1 255
14.9719 5.25114 44.8727 -0.177541 -0.225256 -0.957987 0 52 255
14.988 7.16861 44.7307 -0.104494 -0.0926697 -0.990199 0 0 246
15.4201 6.17258 44.5696 -0.224522 -0.0625176 -0.972461 0 0 255
15.4302 6.66057 44.5556 -0.218912 -0.0307185 -0.975261 0 0 241
15.4143 5.25618 44.6407 -0.0987619 -0.270846 -0.957543 0 29 255
15.4384 7.14245 44.5269 -0.175635 -0.0647349 -0.982325 0 0 214
15.848 5.20537 44.433 -0.0469496 -0.27911 -0.959111 0 13 255
15.8485 6.14527 44.2674 -0.101479 -0.073638 -0.992109 0 0 246
15.8634 6.63306 44.3146 -0.199623 -0.0171738 -0.979722 0 0 218
15.8543 5.72006 44.2822 -0.0641254 -0.168417 -0.983628 0 0 250
15.8822 7.17864 44.3673 -0.167521 0.0121189 -0.985794 0 0 191
16.2593 5.68026 44.198 0.0511647 -0.222097 -0.973681 0 0 246
16.27 6.14675 44.173 0.0266593 -0.104162 -0.994203 0 0 223
16.5946 5.17603 44.5464 0.152073 -0.287523 -0.945624 0 25 255
16.6349 6.75366 44.446 0.116825 -0.0769879 -0.990164 0 0 227
17.0138 4.89135 45.1378 0.0529917 -0.263768 -0.963129 0 84 255
17.0265 5.33018 44.9427 0.129451 -0.271306 -0.953748 0 49 255
17.0049 6.70432 44.578 0.140902 -0.0707684 -0.987491 0 0 227
17.0184 5.81982 44.7181 0.139074 -0.208666 -0.968048 0 13 255
17.4428 6.32227 44.7361 0.0989769 -0.150223 -0.983685 0 0 255
17.4269 7.24024 44.5438 0.0302009 -0.120255 -0.992284 0 0 196
17.7659 4.7912 45.0351 -0.11506 -0.200813 -0.972849 0 65 255
17.7653 5.27009 44.9327 -0.150973 -0.171173 -0.973605 0 36 255
17.7714 5.77352 44.8986 -0.14048 -0.176818 -0.974167 0 9 255
17.7888 6.79599 44.6524 -0.0309757 -0.100336 -0.994471 0 0 209
18.1938 4.79649 44.7765 -0.163264 -0.214251 -0.963038 0 33 255
18.1878 5.27605 44.6906 -0.177018 -0.185275 -0.966611 0 4 255
18.2016 5.82898 44.6622 -0.127398 -0.131678 -0.983072 0 0 250
18.203 6.31435 44.5831 -0.0918755 -0.106773 -0.990029 0 0 218
18.2108 6.81327 44.5972 -0.061896 -0.0760998 -0.995177 0 0 187
18.6306 4.82137 44.6274 -0.223892 -0.187214 -0.956464 0 13 255
18.6248 5.82596 44.4648 -0.11381 -0.109405 -0.98746 0 0 214
18.6156 6.30356 44.4215 -0.0999981 -0.0982632 -0.990124 0 0 191
18.6323 6.79617 44.4143 -0.122967 -0.0917901 -0.988157 0 0 164
19.019 5.75256 44.4648 -0.0440906 -0.0875902 -0.99518 0 0 205
18.9248 5.32502 44.6166 -0.17542 -0.134848 -0.975215 0 0 246
19.3655 4.80759 44.7729 -0.13207 -0.106573 -0.985495 0 1 255
19.3837 5.3734 44.6937 -0.00572219 -0.0729549 -0.997319 0 0 232
19.3915 6.35847 44.5326 0.02513 -0.120894 -0.992347 0 0 164
19.4097 6.85828 44.51 0.0105552 -0.12647 -0.991914 0 0 137
19.7866 4.8811 44.5714 -0.0445342 -0.029388 -0.998576 0 0 232
19.7854 5.37577 44.6359 0.0168437 -0.000824712 -0.999858 0 0 214
19.7857 5.8579 44.5586 0.0532625 -0.0279732 -0.998189 0 0 182
19.7831 6.34848 44.5294 0.0574314 -0.123193 -0.99072 0 0 155
19.7826 6.84291 44.4691 0.050439 -0.123704 -0.991036 0 0 159
20.6035 4.89726 44.5682 0.0554643 -0.0722597 -0.995842 0 0 200
20.608 5.42732 44.7643 0.0469865 -0.0302676 -0.998437 0 0 196
20.613 5.92472 44.7763 0.0288654 -0.0478289 -0.998438 0 0 164
20.6199 6.42786 44.6883 0.0651621 -0.0667495 -0.99564 0 0 150
20.6306 6.91737 44.5663 0.100577 -0.0946139 -0.99042 0 0 178
20.9592 4.85601 44.6443 0.0186213 -0.0528797 -0.998427 0 0 191
20.9533 5.34346 44.7078 0.0412432 -0.0739559 -0.996408 0 0 178
20.9793 5.90362 44.6878 0.0106601 -0.0348731 -0.999335 0 0 168
20.968 6.39374 44.6622 0.0410988 -0.0348478 -0.998547 0 0 150
20.9657 6.88488 44.598 0.084044 -0.0759339 -0.993565 0 0 182
21.3083 4.83006 44.533 0.0291116 -0.130478 -0.991024 0 0 182
21.8455 5.38352 44.6236 0.0309205 -0.0558643 -0.997959 0 0 137
21.8292 5.97351 44.742 -0.00113484 0.0107969 -0.999941 0 0 155
21.8366 6.47836 44.8223 0.0487991 0.0159423 -0.998681 0 0 182
21.8422 6.97866 44.7388 0.0491121 -0.0187223 -0.998618 0 0 214
22.1915 4.91111 44.3295 0.0478537 -0.133722 -0.989863 0 0 168
22.1802 5.44155 44.4875 0.0543696 -0.0749677 -0.995703 0 0 178
22.196 5.9338 44.4994 0.0106403 0.00672859 -0.999921 0 0 200
22.1925 6.43194 44.5405 0.0112547 0.0736817 -0.997218 0 0 214
22.1838 6.93493 44.5685 0.0358651 -0.00961703 -0.99931 0 0 246
22.5429 4.8711 44.1879 0.146774 -0.142364 -0.978872 0 0 173
23.0775 5.51491 44.9373 0.257987 -0.121042 -0.958536 0 0 187
23.0939 6.01138 44.8021 0.224588 -0.0411659 -0.973584 0 0 214
23.1115 6.51255 44.6557 0.110164 -0.0547465 -0.992404 0 0 255
23.0868 7.03982 44.8421 0.112403 -0.0386169 -0.992912 0 1 255
23.4142 6.57875 44.7342 0.128071 -0.130048 -0.983202 0 0 255
23.4519 7.0533 44.528 0.108259 -0.0469603 -0.993013 0 36 255
24.2758 5.11754 45.3242 0.199017 -0.209419 -0.957359 0 0 200
24.3434 5.57608 45.0536 0.210512 -0.165739 -0.963439 0 0 250
24.356 6.07983 44.9891 0.217694 -0.117006 -0.968978 0 0 255
24.3509 6.59878 45.0429 0.25889 -0.0635245 -0.963816 0 17 255
24.378 7.16453 45.052 0.279889 0.0321928 -0.959492 0 52 255
24.7528 6.10044 44.5248 0.308217 -0.133631 -0.941884 0 57 255
24.7663 6.61182 44.4954 0.29996 -0.0915495 -0.949549 0 81 255
0.321951 9.6276 45.6887 -0.0241199 -0.263254 -0.964425 0 0 159
2.17362 7.48152 45.9671 -0.0920066 -0.106325 -0.990066 0 0 191
2.16394 8.13484 45.9032 -0.116736 -0.153181 -0.981279 0 0 182
2.08578 9.57739 45.7371 0.00357854 -0.228498 -0.973538 0 0 182
2.64823 8.09781 45.9526 -0.0514739 -0.167262 -0.984568 0 0 214
3.07977 7.54749 45.9981 0.00126615 -0.0671935 -0.997739 0 0 237
3.1298 9.06757 45.6747 -0.272097 -0.284774 -0.919167 0 0 200
3.1369 9.37704 45.1839 -0.279195 -0.124908 -0.952076 0 0 155
3.59721 9.30193 44.6334 -0.21975 -0.167932 -0.960994 0 0 164
3.60559 8.94413 45.1695 -0.215415 -0.291699 -0.931938 0 0 168
4.10196 8.5555 45.6239 -0.2018 -0.350799 -0.914449 0 0 246
4.05583 8.924 45.1153 -0.209543 -0.259915 -0.942622 0 0 200
4.05835 9.38019 44.8973 -0.172968 -0.164453 -0.971101 0 0 178
4.60821 7.48798 45.5949 -0.35255 -0.121242 -0.927906 0 0 246
4.58575 8.02337 45.4689 -0.304342 -0.195466 -0.932292 0 0 227
4.57701 9.46603 45.3138 -0.048733 -0.176548 -0.983085 0 0 191
5.04469 7.52827 45.4013 -0.360094 -0.0779823 -0.929651 0 0 227
5.04494 8.00647 45.3418 -0.346811 -0.117254 -0.930577 0 0 223
5.07342 9.46587 45.3428 -0.0948318 -0.118514 -0.988414 0 0 200
5.51567 7.51864 45.3189 -0.234847 -0.112672 -0.96548 0 0 218
5.50583 7.99257 45.196 -0.219902 -0.100187 -0.970364 0 0 223
5.52238 8.48134 45.177 -0.21186 -0.0890733 -0.973232 0 0 200
5.53793 8.96781 45.2448 -0.198685 -0.0509977 -0.978736 0 0 200
5.54869 9.45157 45.2172 -0.16437 -0.106734 -0.980607 0 0 196
5.99341 8.25831 45.0031 -0.181112 -0.0589314 -0.981695 0 0 187
5.9968 7.51287 45.2685 -0.188464 -0.146253 -0.971129 0 0 214
5.98364 7.98843 45.0883 -0.20093 -0.0942321 -0.975063 0 0 205
6.00942 8.95356 45.1135 -0.146342 -0.0613951 -0.987327 0 0 187
6.01986 9.37205 45.0983 -0.123083 -0.0764115 -0.98945 0 0 187
6.46995 7.50308 45.1777 -0.171972 -0.159682 -0.972074 0 0 209
6.458 7.98037 45.0185 -0.17399 -0.0845714 -0.981109 0 0 200
6.47209 8.46378 44.9953 -0.156052 -0.0405635 -0.986916 0 0 191
6.48553 8.94424 45.0303 -0.108757 -0.0203415 -0.99386 0 0 191
6.49434 9.42348 45.0113 -0.0676364 -0.0631134 -0.995712 0 0 187
6.95333 8.45526 44.9545 -0.1255 -0.0044244 -0.992084 0 0 191
6.97748 8.93967 45.0113 -0.106235 0.028959 -0.993919 0 0 191
6.97976 9.41202 45.0313 -0.0490555 -0.0134898 -0.998705 0 0 182
7.35505 7.80673 44.7378 -0.16519 -0.00231551 -0.986259 0 0 168
7.42217 8.44408 44.8382 -0.102845 0.00691983 -0.994673 0 0 159
7.88093 7.46734 44.8171 -0.133236 0.0449893 -0.990063 0 0 168
7.88616 8.01575 44.7146 -0.0921014 0.0121867 -0.995675 0 0 155
7.90535 8.49604 44.7917 -0.0764445 0.0556918 -0.995517 0 0 159
7.96996 9.01081 44.9992 -0.107923 0.12448 -0.986335 0 0 182
7.9885 9.48326 45.1 -0.121521 0.122266 -0.98503 0 0 178
8.3764 7.46458 44.8549 -0.164608 0.0196033 -0.986164 0 0 196
8.3829 7.93937 44.8066 -0.028582 0.0815778 -0.996257 0 0 178
8.38331 8.41549 44.7541 -0.0193112 -0.000564303 -0.999813 0 0 159
8.48006 9.49071 44.9348 -0.200432 0.110225 -0.973487 0 0 178
8.89658 8.41624 44.8236 0.0179055 -0.0320304 -0.999326 0 0 178
8.90225 8.89349 44.7303 -0.0447239 -0.1219 -0.991534 0 0 168
8.91144 9.43754 44.6854 -0.215882 -0.037446 -0.975701 0 0 150
9.39064 9.41869 44.5791 -0.199053 -0.183384 -0.962678 0 0 182
9.29655 8.05641 45.0993 0.029931 0.0490448 -0.998348 0 0 205
9.27388 8.96852 44.7486 -0.0924311 -0.190822 -0.977263 0 0 182
10.0441 7.99226 45.0833 -0.0394947 -0.0381063 -0.998493 0 0 200
9.91745 9.42221 44.5816 -0.152153 -0.280024 -0.947859 0 0 164
9.82387 7.57898 44.9455 0.00298253 0.0701874 -0.997529 0 0 196
9.90343 8.57053 45.0946 -0.0770832 -0.237173 -0.968404 0 0 187
9.86938 9.01511 44.8483 -0.136235 -0.281218 -0.949925 0 0 150
10.3702 7.52367 44.937 -0.051093 -0.033713 -0.998125 0 0 205
10.3688 8.07262 45.0054 -0.14617 -0.0954076 -0.984648 0 0 191
10.415 8.54657 44.9203 -0.155852 -0.234059 -0.959649 0 0 168
10.3922 9.01902 44.7893 -0.0907564 -0.277712 -0.956368 0 0 155
10.403 9.49266 44.5902 -0.0555191 -0.248241 -0.967106 0 0 164
10.7463 8.88757 44.6266 -0.123427 -0.211042 -0.969653 0 0 155
10.8923 7.52183 44.9392 -0.114197 -0.0836228 -0.989932 0 0 209
10.8798 8.04963 44.7968 -0.185157 -0.145634 -0.971858 0 0 182
10.8436 8.52068 44.6365 -0.170896 -0.149227 -0.973923 0 0 164
10.9016 9.48461 44.5096 0.0159464 -0.152602 -0.988159 0 0 196
11.1224 8.37316 44.5162 -0.145033 -0.133769 -0.980342 0 0 182
11.3676 7.56297 44.7703 -0.115496 -0.126411 -0.985232 0 0 200
11.3419 8.0267 44.5343 -0.103884 -0.144079 -0.984098 0 0 191
11.3749 8.99034 44.3899 0.00404179 -0.097792 -0.995199 0 0 168
11.3761 9.54059 44.5035 0.154742 -0.0725879 -0.985285 0 0 159
11.5652 7.92323 44.5302 -0.0608223 -0.0936525 -0.993745 0 0 168
11.8249 8.49745 44.383 0.0185066 -0.0555773 -0.998283 0 0 141
11.7773 9.49651 44.629 0.139699 0.00521648 -0.99018 0 0 155
12.0974 9.16585 44.7247 0.087708 0.0429607 -0.995219 0 0 168
12.2935 8.05974 44.6155 -0.0212132 -0.0525679 -0.998392 0 0 168
12.3036 7.71875 44.6302 -0.0720696 -0.0302077 -0.996942 0 0 191
12.4928 8.638 44.8329 -0.00137191 0.0476436 -0.998863 0 0 182
12.5124 9.12003 44.8873 0.0201273 0.046037 -0.998737 0 0 182
12.5208 9.60095 44.8395 0.0334106 0.0264869 -0.999091 0 0 164
12.9232 7.61728 44.6348 -0.082666 -0.0378607 -0.995858 0 0 205
12.9377 8.11323 44.7212 -0.0948556 0.0420615 -0.994602 0 0 191
12.9578 8.60059 44.7769 -0.0748036 0.0566847 -0.995586 0 0 182
12.9655 9.07985 44.7903 -0.000374734 0.0563482 -0.998411 0 0 168
12.969 9.55962 44.7718 0.013265 0.0291379 -0.999487 0 0 150
13.3928 7.59507 44.523 -0.0320308 -0.0481389 -0.998327 0 0 218
13.3978 8.08324 44.5575 -0.0305682 0.0235797 -0.999255 0 0 187
13.4102 8.56389 44.6025 -0.0543758 0.0759976 -0.995624 0 0 173
13.4194 9.04136 44.5995 -0.0546484 0.0809516 -0.995219 0 0 150
13.4291 9.58861 44.5685 -0.0489668 0.0244278 -0.998502 0 0 159
13.8432 7.57346 44.4485 0.00947599 -0.0768561 -0.996997 0 0 196
13.8586 8.11783 44.4339 -0.0118954 0.0133016 -0.999841 0 0 168
13.8654 8.59343 44.4441 -0.037374 0.0543666 -0.997821 0 0 168
13.8741 9.0577 44.5221 -0.053974 0.0880461 -0.994653 0 0 173
14.279 7.62346 44.5352 0.0137539 -0.107944 -0.994062 0 0 196
14.2874 8.07599 44.4038 0.00361134 -0.0444812 -0.999004 0 0 164
14.5611 7.167 44.8545 -0.0452704 -0.133414 -0.990026 0 0 250
14.5885 8.75189 44.6796 -0.0147373 0.051685 -0.998555 0 0 178
14.5834 9.22812 44.7526 -0.0239761 0.0466356 -0.998624 0 0 146
14.9964 7.71321 44.5835 -0.0921672 -0.0436199 -0.994788 0 0 214
15.0307 8.20592 44.6275 -0.0857979 -0.0228296 -0.996051 0 0 182
15.0155 8.69189 44.6845 -0.067564 0.0367734 -0.997037 0 0 159
15.0282 9.17371 44.6344 -0.0546946 0.0331871 -0.997951 0 0 155
15.029 9.65691 44.5877 -0.0735054 -0.0337752 -0.996723 0 0 164
15.4441 7.68689 44.4749 -0.159244 -0.0303433 -0.986773 0 0 187
15.4667 8.17107 44.5211 -0.155628 0.0040245 -0.987808 0 0 173
15.4896 9.18971 44.5922 -0.119491 0.013966 -0.992737 0 0 173
15.6952 8.85723 44.5294 -0.115194 0.078021 -0.990274 0 0 146
15.8918 7.6579 44.3269 -0.15237 0.00347367 -0.988317 0 0 173
15.9187 8.58975 44.4244 -0.119306 0.0597046 -0.991061 0 0 146
15.9018 9.06007 44.516 -0.125651 0.0455798 -0.991027 0 0 146
16.1664 8.3017 44.3186 -0.0838387 0.0292777 -0.996049 0 0 150
16.31 8.08232 44.3055 -0.0235882 0.0037772 -0.999715 0 0 168
16.5987 7.19449 44.4449 0.0891115 -0.045296 -0.994991 0 0 200
16.6203 7.75779 44.3871 0.0296438 -0.0376278 -0.998852 0 0 187
16.6193 8.74675 44.3088 -0.00306949 0.067949 -0.997684 0 0 164
16.6256 9.22652 44.3992 -0.0175492 0.096408 -0.995187 0 0 182
17.0295 7.24549 44.4854 0.102694 -0.0778836 -0.991659 0 0 187
17.031 7.72465 44.4147 0.0711922 -0.0883303 -0.993544 0 0 196
17.0373 8.20578 44.3216 0.0307008 -0.0318435 -0.999021 0 0 159
17.04 8.68441 44.3242 0.0248964 0.0374051 -0.99899 0 0 164
17.0301 9.15295 44.4085 -0.00230644 0.081625 -0.99666 0 0 187
17.4347 8.62392 44.4519 -0.00463989 -0.0043465 -0.99998 0 0 173
17.8125 8.31958 44.5886 0.00376241 -0.0645709 -0.997906 0 0 159
17.8114 9.31371 44.5734 -0.0768279 0.033022 -0.996497 0 0 214
17.8233 7.88713 44.6567 -0.0066007 -0.0854834 -0.996318 0 0 168
18.2161 7.31396 44.6215 -0.0742008 -0.086994 -0.993442 0 0 182
18.2165 7.80302 44.5688 -0.041489 -0.0754534 -0.996286 0 0 155
18.2164 8.28663 44.508 -0.0782967 -0.0635445 -0.994903 0 0 164
18.2204 8.77324 44.4584 -0.079642 -0.0108544 -0.996764 0 0 187
18.226 9.25377 44.3262 -0.0943004 0.0200261 -0.995342 0 0 232
18.6227 7.28963 44.4337 -0.104558 -0.0737017 -0.991784 0 0 173
18.6296 7.76559 44.359 -0.107046 -0.0972314 -0.989488 0 0 178
18.6252 8.24021 44.2578 -0.117982 -0.0858865 -0.989295 0 0 191
18.6523 8.7874 44.2124 -0.120226 -0.0522035 -0.991373 0 0 227
18.6486 9.26646 44.1909 -0.146277 -0.000169974 -0.989244 0 0 255
19.4088 7.34747 44.4656 -0.01235 -0.120652 -0.992618 0 0 182
19.414 7.83244 44.2981 -0.0198075 -0.116439 -0.993 0 0 196
19.4159 8.34187 44.367 -0.00725786 -0.0874492 -0.996143 0 0 237
19.4136 8.841 44.3123 0.0442198 0.0219079 -0.998782 0 0 255
19.4533 9.4089 44.2318 0.0285036 0.0829681 -0.996144 0 20 255
19.7851 7.32499 44.3334 0.0389107 -0.114358 -0.992677 0 0 196
19.8198 7.8726 44.1598 0.0498402 -0.103872 -0.993341 0 0 232
19.8196 8.36518 44.125 0.0388849 -0.0553402 -0.99771 0 0 255
19.8144 8.85585 44.1306 0.0758179 0.0181111 -0.996957 0 17 255
19.8009 9.33983 44.1926 0.0899379 0.0841265 -0.992388 0 33 255
20.6395 7.40848 44.4662 0.127912 -0.115265 -0.985065 0 0 209
20.6456 7.90323 44.3861 0.152312 -0.0639526 -0.986261 0 0 246
20.6699 8.48391 44.4512 0.161405 0.012671 -0.986807 0 1 255
20.6634 8.98909 44.4628 0.127064 0.0373989 -0.991189 0 25 255
20.6402 9.48787 44.5576 0.128948 0.0491801 -0.990431 0 49 255
20.9829 7.9515 44.5566 0.148274 -0.0530832 -0.987521 0 0 250
20.9616 8.44134 44.6227 0.142367 -0.0363209 -0.989147 0 1 255
21.4875 7.44962 44.7129 0.100648 -0.0286693 -0.994509 0 0 232
21.4833 9.0568 44.944 0.169074 0.0602466 -0.98376 0 33 255
21.553 9.6607 44.8022 0.16637 0.0841178 -0.982469 0 77 255
21.8495 7.47812 44.677 0.0451175 -0.00861955 -0.998945 0 0 250
21.8901 8.06152 44.6245 0.071546 -0.0491883 -0.996224 0 20 255
21.8787 8.56149 44.6648 0.0833937 -0.00127075 -0.996516 0 45 255
21.8951 9.06917 44.5464 0.105465 0.073239 -0.991722 0 84 255
21.9149 9.58325 44.4175 0.159106 0.0877017 -0.983358 0 116 255
22.1588 7.93565 44.66 0.0465933 -0.0353263 -0.998289 0 20 255
22.2087 8.48392 44.4493 0.0798455 0.00326018 -0.996802 0 68 255
22.2439 9.49248 44.1962 0.183938 0.109424 -0.976828 0 145 255
22.8228 7.67646 44.9445 0.144485 0.00930968 -0.989463 0 17 255
22.9055 9.28285 44.5835 0.265024 0.154039 -0.951858 0 133 255
23.0853 7.54434 44.828 0.167172 -0.0134334 -0.985836 0 33 255
23.1456 8.13008 44.7194 0.206201 0.072796 -0.975798 0 68 255
23.1331 8.64027 44.7857 0.235382 0.134282 -0.962582 0 93 255
23.0203 9.5799 45.1196 0.275374 0.136367 -0.951616 0 116 255
23.4461 8.04254 44.4955 0.209522 0.113166 -0.971233 0 97 255
24.2585 7.82531 44.7744 0.266732 0.149823 -0.952054 0 109 255
24.0608 8.77657 45.3331 0.311328 0.143563 -0.939396 0 109 255
24.0492 9.28869 45.3636 0.254888 0.137068 -0.957207 0 136 255
24.3701 7.67657 45.027 0.251193 0.155187 -0.955416 0 89 255
24.3296 8.15881 45.1557 0.302511 0.143519 -0.942279 0 100 255
25.4199 9.39899 45.5163 0.312334 0.104862 -0.944167 0 200 255
-1.12803 10.4279 45.7372 -0.293595 -0.0294825 -0.955475 0 0 209
-1.10728 11.4168 45.8949 -0.224412 0.0651323 -0.972315 0 0 182
-0.675551 11.469 45.7065 -0.224676 0.0920619 -0.970075 0 0 205
0.75693 9.9911 45.4834 -0.0587555 -0.247399 -0.967131 0 0 178
1.23781 10.431 45.3285 0.000159726 -0.11096 -0.993825 0 0 187
1.24724 10.8919 45.4092 -0.00414135 -0.0095836 -0.999946 0 0 164
1.72427 10.423 45.3862 0.0315877 -0.119337 -0.992351 0 0 150
2.15796 10.0405 45.543 0.0472077 -0.125273 -0.990999 0 0 150
2.59921 10.0389 45.5805 -0.195884 -0.0747035 -0.977777 0 0 168
2.67142 11.3859 45.4451 -0.179911 -0.167132 -0.969381 0 0 178
2.70509 11.8055 45.185 -0.277509 -0.182813 -0.943169 0 0 155
3.18088 11.3406 45.1873 -0.266893 -0.296751 -0.916901 0 0 168
3.16479 11.8614 44.9605 -0.312303 -0.100751 -0.944625 0 0 182
3.65937 10.9192 45.3952 -0.251102 -0.303482 -0.919155 0 0 168
3.66564 11.326 45.0772 -0.290555 -0.292047 -0.911201 0 0 141
3.63547 11.8605 44.9007 -0.322453 -0.139815 -0.936203 0 0 168
4.0605 9.83484 45.0197 -0.18898 -0.0453936 -0.980931 0 0 159
4.13755 10.9492 45.2676 -0.294855 -0.322496 -0.899476 0 0 159
4.08545 11.8457 44.8373 -0.274713 -0.161881 -0.947801 0 0 182
4.5536 11.9753 44.5584 -0.179047 -0.124859 -0.975885 0 0 200
4.59131 9.9475 45.2348 -0.0661353 -0.0449001 -0.9968 0 0 182
4.62115 10.9404 45.2128 -0.227779 -0.285589 -0.93089 0 0 159
4.56323 11.8718 44.6165 -0.159779 -0.148582 -0.975907 0 0 191
5.07396 10.4306 45.1313 -0.156004 -0.187053 -0.969884 0 0 164
5.07876 10.9097 45.066 -0.191271 -0.271846 -0.943141 0 0 164
5.06281 11.3579 44.7994 -0.103164 -0.174135 -0.979303 0 0 173
5.05262 11.8958 44.4355 -0.0531856 -0.0838914 -0.995055 0 0 205
5.35657 11.4225 44.6651 -0.0902175 -0.167344 -0.981762 0 0 164
5.54378 9.92635 45.1001 -0.124432 -0.181823 -0.975427 0 0 178
5.54294 10.4061 45.0119 -0.159149 -0.205109 -0.965713 0 0 173
5.54326 10.8721 44.8477 -0.0955713 -0.22246 -0.970246 0 0 132
5.51941 11.3529 44.6148 -0.048755 -0.137017 -0.989368 0 0 168
5.85623 11.1919 44.5776 -0.00787501 -0.142928 -0.989702 0 0 168
6.01819 9.91176 44.9984 -0.110385 -0.140558 -0.9839 0 0 168
6.02222 10.3884 44.903 -0.127687 -0.19117 -0.973216 0 0 146
6.02505 10.8495 44.7059 -0.00376689 -0.150003 -0.988678 0 0 168
6.49824 9.90426 44.9632 0.00752504 -0.102438 -0.994711 0 0 182
6.50011 10.3845 44.8814 0.0352248 -0.121054 -0.992021 0 0 150
6.50664 10.8585 44.753 0.0903221 -0.101516 -0.990725 0 0 178
6.48958 11.8702 44.8306 0.163517 0.137749 -0.976876 0 0 168
6.9852 9.91287 44.9999 0.0256184 -0.0230936 -0.999405 0 0 164
6.98384 10.3947 44.9636 0.119806 -0.0688187 -0.990409 0 0 187
6.97642 10.8666 44.8816 0.167142 -0.01899 -0.98575 0 0 132
6.97174 11.7959 44.9287 0.13202 0.108393 -0.985303 0 0 155
7.44833 11.3862 44.9955 0.141161 0.0230355 -0.989719 0 0 168
7.60804 12.0933 45.1975 0.0713635 0.0415633 -0.996584 0 0 182
8.06401 11.1052 45.2034 0.0120162 0.032076 -0.999413 0 0 191
8.07035 11.5694 45.1946 -0.0230576 0.0277405 -0.999349 0 0 146
8.09749 12.0763 45.2124 -0.015008 0.0188516 -0.99971 0 0 146
8.5993 10.4931 45.1357 -0.283984 0.125595 -0.950568 0 0 159
8.53973 11.054 45.1957 -0.202778 0.0931805 -0.974781 0 0 200
8.56751 11.567 45.1576 -0.168903 0.049503 -0.984389 0 0 141
8.58034 12.0511 45.1238 -0.13042 0.0472328 -0.990333 0 0 168
8.86509 9.98325 44.7749 -0.351335 0.0725439 -0.933435 0 0 168
8.95542 10.5355 44.9253 -0.359079 0.138512 -0.922972 0 0 159
9.02441 11.0611 45.0559 -0.317746 0.144552 -0.937092 0 0 173
9.04769 11.5425 45.0418 -0.234509 0.0872344 -0.968192 0 0 150
9.06414 12.0208 45.0158 -0.200703 0.106453 -0.973851 0 0 178
9.3779 9.88659 44.4401 -0.270602 -0.0807173 -0.959301 0 0 187
9.41926 10.3609 44.4817 -0.360836 0.075684 -0.929553 0 0 182
9.4704 11.0346 44.8176 -0.350604 0.188257 -0.917407 0 0 205
9.51119 11.5214 44.8465 -0.296783 0.203854 -0.932933 0 0 196
9.54287 11.9901 44.8774 -0.217358 0.255648 -0.942019 0 0 196
9.83805 9.85249 44.2975 -0.171629 -0.188017 -0.967054 0 0 200
9.84236 10.3265 44.216 -0.25043 0.0110355 -0.968072 0 0 214
9.89889 10.9988 44.5061 -0.283543 0.188203 -0.94031 0 0 214
9.97724 11.4964 44.6653 -0.240395 0.258716 -0.935562 0 0 209
10.0121 12.0258 44.7309 -0.199146 0.301738 -0.93236 0 0 223
10.2938 10.2967 44.0796 -0.0621441 -0.0150897 -0.997953 0 0 237
10.3497 10.7362 44.1541 -0.105847 0.0933098 -0.989995 0 0 250
10.3493 9.96632 44.2663 -0.0169099 -0.1128 -0.993474 0 0 209
10.4533 11.4576 44.5137 -0.157424 0.245041 -0.956646 0 0 232
10.4929 11.9825 44.6074 -0.204191 0.291068 -0.934658 0 0 241
10.7234 10.2785 44.2102 0.0685862 -0.00350547 -0.997639 0 0 218
10.9198 9.97053 44.3793 0.112772 -0.0737385 -0.990881 0 0 191
10.9007 11.0282 44.3721 -0.00239298 0.038033 -0.999274 0 0 232
10.9521 11.4744 44.4861 -0.0687042 0.14738 -0.986691 0 0 237
10.9753 11.9271 44.5343 -0.150096 0.208556 -0.966424 0 0 255
11.3563 9.95551 44.4926 0.197424 -0.039101 -0.979538 0 0 182
11.4138 10.9613 44.5986 0.109468 -0.0422383 -0.993093 0 0 205
11.4726 11.3904 44.5314 0.00476951 0.0159244 -0.999862 0 0 237
11.449 11.8848 44.3737 -0.0925162 0.0662108 -0.993507 0 4 255
11.654 10.6015 44.7387 0.123165 -0.0809505 -0.989079 0 0 178
11.7331 10.0056 44.6921 0.186616 -0.00934338 -0.982389 0 0 155
11.9148 11.8211 44.3017 -0.0731895 -0.052721 -0.995924 0 4 255
12.0794 10.6046 44.8951 0.0694676 -0.119235 -0.990433 0 0 178
12.0833 11.1578 44.8402 0.028115 -0.151526 -0.988053 0 0 196
12.092 11.6691 44.4209 -0.050093 -0.108454 -0.992839 0 0 255
12.2929 11.7171 44.3489 0.0196503 -0.0933403 -0.99544 0 1 255
12.532 10.1505 44.8132 0.0305862 -0.0702851 -0.997058 0 0 150
12.5362 10.6375 44.7802 0.0350918 -0.111033 -0.993197 0 0 173
12.5484 11.1233 44.6328 0.0794577 -0.157968 -0.984242 0 0 223
12.5626 11.6316 44.3702 0.114311 -0.089441 -0.989411 0 0 255
12.9819 10.115 44.6352 -0.00342869 -0.0465007 -0.998912 0 0 178
12.9792 10.5982 44.5959 0.00803744 -0.110326 -0.993863 0 0 209
12.9843 11.0796 44.4944 0.0850957 -0.0968186 -0.991658 0 0 232
12.9744 11.558 44.4727 0.137582 -0.0775647 -0.987449 0 0 255
12.9616 12.001 44.4068 0.166462 -0.0418673 -0.985159 0 17 255
13.4321 10.0729 44.5957 -0.0337845 -0.0146959 -0.999321 0 0 168
13.3046 11.4751 44.5631 0.107586 -0.0219341 -0.993954 0 0 241
13.7596 11.2144 44.806 0.0554528 0.072418 -0.995832 0 0 209
14.1306 11.1262 44.7793 0.00375612 0.108618 -0.994076 0 0 214
14.1281 9.76669 44.8158 -0.0766857 0.00758462 -0.997026 0 0 137
14.1501 10.2427 44.877 -0.0952226 -0.054848 -0.993944 0 0 159
14.1663 10.7337 44.8186 -0.0518838 0.0476844 -0.997514 0 0 191
14.5912 9.71112 44.7729 -0.0592178 -0.0157331 -0.998121 0 0 168
14.5959 10.1959 44.6287 -0.0590435 -0.0481483 -0.997094 0 0 182
14.6004 10.6794 44.5653 -0.0445706 0.0386558 -0.998258 0 0 214
14.5995 11.1621 44.5642 -0.0591681 0.103962 -0.99282 0 0 241
14.8268 11.9659 45.0086 -0.16193 0.201729 -0.965963 0 0 250
15.0299 10.146 44.4381 -0.077694 -0.0565786 -0.995371 0 0 218
15.0314 10.6257 44.3414 -0.110952 0.00914445 -0.993784 0 0 246
15.0315 11.0997 44.3808 -0.159105 0.0852308 -0.983576 0 0 255
15.3133 11.8717 44.8373 -0.194311 0.175859 -0.965048 0 9 255
15.4416 10.5591 44.2992 -0.0885471 -0.0185832 -0.995899 0 0 255
15.4393 11.029 44.2257 -0.0902824 0.0382338 -0.995182 0 9 255
15.7674 9.81773 44.6829 -0.0768719 -0.0298566 -0.996594 0 0 182
15.7939 10.2966 44.5967 -0.0141893 -0.0225603 -0.999645 0 0 214
15.7859 11.7864 44.6235 -0.0487366 0.152599 -0.987086 0 33 255
16.2062 9.76737 44.567 0.0133662 0.0233309 -0.999638 0 0 223
16.2095 10.2502 44.6051 0.0557916 -0.00223193 -0.99844 0 0 218
16.2305 10.8188 44.5786 0.0699153 0.0181959 -0.997387 0 0 250
16.2266 11.3056 44.5069 0.0595463 0.0697287 -0.995787 0 13 255
16.2305 11.7853 44.4605 0.0201489 0.129233 -0.99141 0 49 255
16.6077 10.6644 44.5254 0.0848069 0.00642588 -0.996377 0 0 255
16.647 9.78079 44.499 -0.00757577 0.0789101 -0.996853 0 0 227
16.6423 10.2636 44.5278 0.0558083 0.0242711 -0.998146 0 0 241
16.6261 11.6693 44.4657 0.0761571 0.105123 -0.991539 0 49 255
17.0394 11.5426 44.682 0.0757324 0.0877718 -0.993258 0 41 255
17.3963 10.3568 44.7585 -0.0605822 0.0506625 -0.996877 0 0 232
17.4015 10.8498 44.7022 -0.0275135 0.0785836 -0.996528 0 4 255
17.4112 9.94602 44.7742 -0.084515 0.0799852 -0.993207 0 0 205
17.4307 11.4242 44.6812 0.00726077 0.0958562 -0.995369 0 52 255
17.4302 11.8883 44.7534 0.0426608 0.15892 -0.986369 0 65 255
17.8344 9.8776 44.5956 -0.083044 0.0643976 -0.994463 0 0 232
17.8401 10.369 44.5186 -0.0882131 0.0798068 -0.992899 0 0 255
17.858 10.854 44.5085 -0.0622338 0.105954 -0.992422 0 29 255
17.8727 11.3293 44.5052 -0.058115 0.114553 -0.991716 0 65 255
18.2223 12.1912 44.9065 -0.026212 0.215073 -0.976246 0 84 255
18.2647 9.81375 44.3028 -0.134871 0.050333 -0.989584 0 0 255
18.2819 10.3046 44.3307 -0.0947843 0.0822987 -0.99209 0 25 255
18.3077 10.7781 44.3175 -0.100541 0.112634 -0.988537 0 49 255
18.365 11.2484 44.3764 -0.0861386 0.118454 -0.989216 0 73 255
18.6365 12.0524 44.702 -0.0858606 0.211829 -0.973528 0 109 255
19.0519 9.96497 44.393 0.0280509 0.0882725 -0.995701 0 25 255
19.0274 10.473 44.5121 -0.00732337 0.103515 -0.994601 0 41 255
19.0448 10.962 44.5119 -0.0469995 0.0965592 -0.994217 0 68 255
19.0608 11.447 44.5116 -0.067509 0.138051 -0.988122 0 97 255
19.433 9.90834 44.3157 0.0239477 0.0927875 -0.995398 0 41 255
19.4351 10.3902 44.3406 0.00826177 0.0733881 -0.997269 0 65 255
19.428 10.863 44.4864 0.018108 0.0725761 -0.997198 0 77 255
19.4439 11.8212 44.4818 -0.0830109 0.148515 -0.98542 0 136 255
20.2986 10.0621 44.6682 0.135269 0.0540273 -0.989335 0 52 255
20.2838 10.5621 44.6965 0.120939 0.041794 -0.99178 0 77 255
20.281 11.0609 44.6555 0.121052 0.0859452 -0.988919 0 109 255
20.2652 11.5547 44.6322 0.08065 0.0925542 -0.992436 0 141 255
20.6198 9.98162 44.5908 0.0946587 0.038966 -0.994747 0 68 255
20.6415 10.4809 44.4001 0.088559 0.051691 -0.994729 0 113 255
20.6669 10.986 44.217 0.148915 0.0846329 -0.985222 0 153 255
20.6732 11.4865 44.1287 0.273645 0.0916648 -0.957453 0 189 255
21.5728 10.169 44.6884 0.223984 0.138043 -0.964767 0 113 255
21.5637 10.6639 44.665 0.268707 0.20639 -0.94085 0 149 255
21.8607 10.5841 44.8623 0.275258 0.223662 -0.934991 0 136 255
22.4123 11.8463 45.334 0.220958 0.308824 -0.925097 0 200 255
22.4978 11.4778 45.2901 0.0900436 0.273745 -0.957578 0 185 255
22.7667 10.2196 45.1351 0.239811 0.18073 -0.953849 0 141 255
22.825 10.8164 45.1457 0.204459 0.205401 -0.957082 0 177 255
22.8278 11.3243 45.1099 0.137952 0.267848 -0.953534 0 209 255
24.0735 9.81541 45.2892 0.262312 0.138209 -0.955034 0 173 255
24.0938 10.3406 45.2253 0.218497 0.0777204 -0.972738 0 205 255
24.1714 10.9567 45.2224 0.186316 0.111615 -0.976129 15 249 231
24.1866 11.479 45.208 0.134178 0.14768 -0.979891 41 255 206
24.2311 12.023 45.0844 0.173411 0.305503 -0.936267 77 255 170
-0.255937 13.0178 45.7147 -0.235352 -0.100095 -0.966742 0 0 173
-0.224348 13.4827 45.5623 -0.228261 -0.0345167 -0.972988 0 0 187
0.26058 12.4988 45.5814 -0.163483 -0.0929403 -0.982159 0 0 164
0.264031 12.9203 45.4354 -0.190363 -0.0918464 -0.977408 0 0 182
0.27525 13.465 45.3165 -0.213561 -0.00891257 -0.976889 0 0 205
0.265068 13.9708 45.3855 -0.184003 0.0768105 -0.97992 0 0 196
0.749345 12.9809 45.3612 -0.0590479 -0.13498 -0.989087 0 0 209
0.753344 13.4755 45.2995 -0.102082 -0.0131226 -0.994689 0 0 187
0.761811 13.9713 45.325 -0.129314 0.105421 -0.985984 0 0 200
1.24206 13.4877 45.3466 -0.00986516 -0.0694328 -0.997538 0 0 191
1.24727 13.9844 45.3188 -0.0626831 0.0963731 -0.99337 0 0 187
1.23219 14.5114 45.4405 -0.119286 0.182215 -0.975996 0 0 178
1.73282 13.4994 45.4037 0.0114546 -0.0751022 -0.99711 0 0 168
1.73646 14.0581 45.3298 -0.0249116 0.0389044 -0.998932 0 0 182
1.73891 14.4976 45.359 -0.122736 0.125766 -0.984438 0 0 187
2.22832 14.065 45.3481 -0.0061255 -0.0444551 -0.998993 0 0 187
2.23257 14.4967 45.2984 -0.106189 0.030874 -0.993867 0 0 187
2.70086 12.3501 45.2079 -0.273598 -0.0245007 -0.961532 0 0 168
2.72164 14.0068 45.3902 -0.0213231 -0.0763247 -0.996855 0 0 159
2.72424 14.4998 45.2836 -0.0490467 -0.0801432 -0.995576 0 0 196
3.21593 14.0103 45.4184 -0.0331558 -0.0865653 -0.995694 0 0 159
3.21711 14.5026 45.2887 -0.0118129 -0.063002 -0.997943 0 0 205
3.64924 12.2696 44.8844 -0.325818 0.0452162 -0.944351 0 0 191
3.70792 14.0756 45.3941 -0.0401833 -0.0584819 -0.997479 0 0 187
3.71031 14.5676 45.2744 -0.0200489 -0.0703032 -0.997324 0 0 187
4.09079 12.3068 44.6484 -0.223384 0.0686596 -0.972309 0 0 218
4.13196 12.7934 44.8295 -0.169022 0.256545 -0.951639 0 0 209
4.19925 14.0723 45.3462 -0.0537007 0.0421652 -0.997666 0 0 173
4.20346 14.5649 45.251 -0.030337 -0.0225057 -0.999286 0 0 200
4.59771 12.8154 44.6945 -0.060884 0.273286 -0.960004 0 0 205
4.69191 14.0663 45.3116 -0.0516388 0.0566799 -0.997056 0 0 168
4.69882 14.5625 45.2722 -0.060498 0.000926793 -0.998168 0 0 187
5.05617 12.3784 44.516 0.00426075 0.181528 -0.983376 0 0 218
5.09381 12.7449 44.8348 0.0547335 0.280624 -0.958256 0 0 191
5.17482 13.5514 45.3114 -0.00730363 0.120749 -0.992656 0 0 159
5.18562 14.059 45.2984 -0.0520176 0.0215101 -0.998414 0 0 178
5.1906 14.5529 45.2179 -0.0790111 -0.00825184 -0.99684 0 0 200
5.67372 13.5581 45.3502 0.00406799 0.0890171 -0.996022 0 0 182
5.67906 14.0505 45.2778 -0.0491006 -0.0297192 -0.998352 0 0 182
5.68104 14.5409 45.1469 -0.0512878 -0.0294868 -0.998249 0 0 214
6.01815 12.2504 44.9426 0.146638 0.204878 -0.967741 0 0 178
6.15267 13.0421 45.3159 0.0642462 0.144855 -0.987365 0 0 159
6.16573 13.5454 45.3151 -0.0214489 -0.00546636 -0.999755 0 0 159
6.16749 14.1032 45.2029 -0.0398183 -0.0522478 -0.99784 0 0 200
6.64986 13.0409 45.2993 -0.00255053 0.0903389 -0.995908 0 0 168
6.65456 13.5301 45.2483 -0.0311936 0.0228762 -0.999252 0 0 168
6.65967 14.0223 45.1318 -0.00795452 -0.0369752 -0.999285 0 0 200
6.66119 14.5799 45.0401 0.0684852 0.0327897 -0.997113 0 0 237
7.11994 12.5196 45.2326 0.0262367 0.0791499 -0.996517 0 0 137
7.13815 13.0924 45.216 0.000459422 0.07006 -0.997543 0 0 178
7.14199 13.5816 45.1556 0.00709219 0.0115303 -0.999908 0 0 200
7.14443 14.0701 45.0957 0.0442532 0.0330976 -0.998472 0 0 223
7.1656 14.5792 45.1456 0.10165 0.0874805 -0.990966 0 0 227
7.62003 12.5853 45.2155 0.0367666 0.0681356 -0.996998 0 0 178
7.62438 13.0733 45.1469 0.0273154 0.0761771 -0.99672 0 0 187
7.62774 13.5603 45.105 0.0437274 0.0616182 -0.997141 0 0 196
7.67322 14.0882 45.1943 0.0846869 0.0783248 -0.993324 0 0 218
8.10307 12.5628 45.1427 0.0195891 0.0692781 -0.997405 0 0 164
8.10745 13.0477 45.1052 0.0398093 0.0871558 -0.995399 0 0 187
8.12982 13.5516 45.1211 0.0665578 0.094341 -0.993313 0 0 214
8.5897 12.5326 45.0943 -0.059125 0.0786879 -0.995144 0 0 182
8.6451 13.4662 45.2139 0.0662158 0.125407 -0.989893 0 0 200
8.71361 14.5406 45.4651 0.00183628 0.0374311 -0.999298 0 0 223
9.10468 12.5218 45.0865 -0.103838 0.16494 -0.980822 0 0 200
9.73605 13.7224 45.4337 -0.0336109 0.122905 -0.991849 0 0 209
9.74174 14.2191 45.3224 -0.0184651 0.0854824 -0.996169 0 0 246
10.0833 12.3858 44.867 -0.190403 0.299353 -0.934952 0 0 218
10.2126 13.1977 45.3582 -0.131617 0.223493 -0.965778 0 0 205
10.2261 14.257 45.1784 -0.010407 0.127407 -0.991796 0 1 255
10.637 12.7136 45.0498 -0.233728 0.265959 -0.93522 0 0 241
10.6884 13.1542 45.1794 -0.158949 0.289479 -0.943895 0 0 237
10.6996 13.7204 45.1158 -0.108852 0.23561 -0.965732 0 1 255
10.7391 14.2018 45.1732 -0.0550716 0.172315 -0.983501 0 13 255
11.127 12.6679 44.9333 -0.252825 0.293938 -0.921781 0 0 255
11.1645 13.1939 45.0012 -0.253911 0.341236 -0.905034 0 0 255
11.2119 13.6424 45.0939 -0.234249 0.317921 -0.918724 0 4 255
11.599 12.7161 44.6986 -0.198991 0.238308 -0.950585 0 13 255
11.6189 13.1708 44.7072 -0.196049 0.352425 -0.915075 0 41 255
11.9208 12.1834 44.2253 -0.1289 -0.0339812 -0.991075 0 33 255
12.0742 13.1642 44.3826 -0.119084 0.323309 -0.938771 0 68 255
12.3522 14.3738 45.2379 -0.155025 0.272109 -0.949697 0 61 255
12.5339 13.4504 44.1732 -0.0427999 0.251414 -0.966933 0 100 255
12.5444 12.6302 44.2108 0.0918862 0.0868775 -0.991972 0 61 255
12.5517 13.0636 44.2408 -0.00586991 0.270654 -0.962659 0 77 255
12.8235 14.406 44.9817 -0.0153617 0.242727 -0.969973 0 89 255
13.3032 13.3101 44.839 0.171427 0.15286 -0.973266 0 49 255
13.2695 13.7716 44.8374 0.118848 0.151316 -0.981315 0 81 255
13.2494 14.2421 44.8504 0.0546309 0.135514 -0.989268 0 97 255
13.3355 12.9066 44.9128 0.260212 0.127347 -0.957117 0 20 255
13.7283 12.2643 44.9095 0.200984 0.103441 -0.974118 0 0 255
13.645 12.6688 45.0223 0.255524 0.0678725 -0.964417 0 1 255
13.5976 13.6608 44.9352 0.198933 0.0949842 -0.975399 0 73 255
14.0113 14.5031 45.381 0.131861 0.178327 -0.975096 0 81 255
14.1123 12.1121 44.9949 0.0866936 0.166041 -0.982301 0 0 250
14.5497 14.02 45.1682 0.0863622 0.0637586 -0.994222 0 84 255
14.4942 14.5355 45.0916 0.126934 0.204349 -0.970633 0 121 255
14.8825 12.4114 45.1399 -0.142605 0.155859 -0.977431 0 0 255
14.9157 12.8858 45.1367 -0.106303 0.126896 -0.986203 0 25 255
14.9315 13.4798 44.9952 -0.0418244 0.114285 -0.992567 0 73 255
14.9378 13.9671 44.9308 0.000322432 0.146018 -0.989282 0 105 255
14.927 14.4378 44.9276 0.0739722 0.182647 -0.980392 0 136 255
15.3349 12.3425 44.8529 -0.13855 0.182474 -0.9734 0 29 255
15.3591 12.8158 44.8388 -0.137185 0.150846 -0.978992 0 57 255
15.3811 13.3802 44.8359 -0.119999 0.144283 -0.982234 0 93 255
15.7976 12.7388 44.5587 -0.0890032 0.200958 -0.975548 0 93 255
15.7884 12.3635 44.5567 -0.0788565 0.176951 -0.981056 0 73 255
15.8398 13.2716 44.6703 -0.111269 0.189692 -0.975518 0 109 255
16.1595 14.1658 45.1166 0.048149 0.300639 -0.952522 0 136 255
16.238 12.2618 44.4122 -0.0186228 0.150826 -0.988385 0 81 255
16.5921 13.1403 44.7707 0.0536705 0.216071 -0.974901 0 109 255
16.5934 13.5964 44.8639 0.058863 0.249353 -0.966622 0 129 255
16.5844 14.0224 44.9812 0.0621402 0.326799 -0.943049 0 145 255
16.9862 12.8494 44.8485 0.0796376 0.179752 -0.980483 0 97 255
17.023 12.5037 44.7793 0.0887775 0.166472 -0.982042 0 81 255
16.9852 13.8298 44.9543 0.0762066 0.297475 -0.951683 0 149 255
17.4247 12.3138 44.9174 0.0601149 0.181959 -0.981467 0 68 255
17.829 13.2369 45.203 0.0584445 0.242463 -0.968399 0 116 255
17.8319 13.7381 45.1083 0.0718779 0.299202 -0.951479 0 153 255
17.8577 14.2963 45.1836 0.0904877 0.28863 -0.953155 0 189 255
18.2364 12.6324 44.9748 -0.0215208 0.231608 -0.972571 0 109 255
18.2429 13.0622 45.0855 0.0156665 0.235934 -0.971643 0 125 255
18.2546 14.0416 45.2326 0.0418098 0.311555 -0.949308 0 181 255
18.6762 12.6419 44.701 -0.100863 0.265211 -0.9589 0 149 255
18.6996 13.0553 44.8119 -0.0788851 0.264215 -0.961232 0 161 255
19.075 14.2994 45.4497 0.0456998 0.341585 -0.938739 0 205 255
19.1084 12.4633 44.5211 -0.112951 0.235556 -0.965275 0 161 255
19.5129 13.3883 45.12 -0.000266956 0.341125 -0.940018 0 185 255
19.5297 13.802 45.2 -0.0367323 0.378525 -0.924862 0 205 255
19.8911 12.6559 44.8037 0.0767612 0.302398 -0.950086 0 177 255
19.9362 13.2509 44.792 0.0365228 0.359277 -0.932516 0 221 254
20.3291 12.1633 44.5296 0.120346 0.175022 -0.977182 0 185 255
20.3284 12.6582 44.4659 0.112017 0.274817 -0.954949 0 217 255
20.3366 13.165 44.3693 0.119408 0.327206 -0.937378 22 255 225
20.8112 13.9799 45.3086 0.229644 0.352982 -0.90701 22 255 225
21.1355 12.3235 45.2232 0.355737 0.246465 -0.901502 0 177 255
22.5017 12.5007 45.22 0.127977 0.243453 -0.961432 19 253 228
22.4995 12.9897 45.2449 0.199043 0.28189 -0.938573 41 255 206
-0.219751 16.7473 45.4595 -0.12754 -0.00689236 -0.99181 0 0 255
0.343845 14.9215 45.7626 -0.115206 0.163579 -0.97978 0 0 178
2.22321 15.1005 45.3729 -0.209293 0.0837104 -0.974263 0 0 205
2.24922 16.0445 45.5079 -0.136547 0.150787 -0.979091 0 0 214
2.72874 14.9946 45.215 -0.0918389 -0.00815341 -0.99574 0 0 205
2.72843 15.5697 45.1716 -0.101427 0.119306 -0.987663 0 0 227
2.73021 16.0196 45.1781 -0.0553411 0.196114 -0.979018 0 0 241
2.73928 16.5317 45.2723 -0.0611286 0.197316 -0.978432 0 0 255
3.21913 14.9937 45.1505 -0.0503482 -0.0275276 -0.998352 0 0 209
3.22461 15.4887 45.1406 -0.015179 0.136032 -0.990588 0 0 232
3.71401 15.0624 45.1957 0.0348499 0.0774886 -0.996384 0 0 214
4.20997 15.061 45.2418 0.0128951 0.13524 -0.990729 0 0 218
4.22257 15.6336 45.4751 0.00485902 0.22619 -0.974071 0 0 196
4.70463 15.054 45.2121 -0.0450368 0.107677 -0.993165 0 0 218
5.19711 15.0444 45.1544 -0.0759637 0.0964581 -0.992434 0 0 223
5.68594 15.0336 45.0547 -0.0558639 0.0780952 -0.99538 0 0 241
5.7109 15.631 45.1361 -0.0645241 0.193041 -0.979067 0 0 255
5.74887 16.1511 45.3514 -0.0699272 0.232599 -0.970056 0 0 255
6.17866 15.0208 45.0197 0.0130867 0.109065 -0.993949 0 0 246
6.68301 15.0916 45.0995 0.0848744 0.114235 -0.989822 0 0 250
7.20069 15.0986 45.2944 0.107176 0.113085 -0.987788 0 0 241
7.31336 16.8642 45.3706 0.0480093 0.197641 -0.979098 0 45 255
7.80351 16.3363 45.3828 0.0465623 0.14823 -0.987856 0 20 255
7.83253 16.8556 45.4197 0.0396127 0.158421 -0.986577 0 45 255
8.29118 15.8078 45.3755 0.025445 0.114599 -0.993086 0 13 255
8.29636 16.3032 45.3008 0.0371375 0.141446 -0.989249 0 45 255
8.77755 15.2786 45.3694 0.0206973 0.0565797 -0.998184 0 1 255
8.7821 15.7735 45.2813 0.028718 0.126164 -0.991594 0 25 255
8.79876 16.2695 45.2767 0.0295131 0.149141 -0.988375 0 49 255
9.25857 14.7482 45.3354 0.00437389 0.0490041 -0.998789 0 0 255
9.27506 15.7313 45.2488 0.0362369 0.123462 -0.991687 0 41 255
9.27065 15.325 45.2555 0.0294049 0.0588885 -0.997831 0 17 255
9.75098 14.7905 45.243 0.0189955 0.0771523 -0.996838 0 4 255
9.76421 15.2779 45.2841 0.0441008 0.0852724 -0.995381 0 25 255
10.251 14.7425 45.2729 0.00685644 0.107418 -0.99419 0 17 255
10.4651 17.0713 45.4888 0.0127387 0.229626 -0.973196 0 116 255
10.9418 16.5163 45.4282 0.00538798 0.188096 -0.982136 0 105 255
10.9594 16.9953 45.409 -0.0330005 0.146856 -0.988607 0 133 255
11.4197 15.9657 45.353 -0.0691988 0.17481 -0.982167 0 97 255
11.927 15.7943 45.2616 -0.157884 0.199451 -0.967105 0 113 255
11.8874 14.9203 45.3662 -0.176961 0.177695 -0.968044 0 57 255
11.8918 15.4145 45.2509 -0.18249 0.217914 -0.958755 0 93 255
12.355 14.867 45.118 -0.145586 0.24049 -0.959671 0 84 255
12.3605 15.3586 45.0093 -0.199988 0.204317 -0.958259 0 121 255
12.825 15.297 44.7717 -0.114585 0.157932 -0.980779 0 149 255
12.8284 14.8968 44.8993 -0.0683659 0.209591 -0.975396 0 116 255
13.2772 15.202 44.6811 -0.0303446 0.167375 -0.985426 0 165 255
13.2755 14.804 44.8055 -0.0115744 0.215125 -0.976518 0 133 255
13.5792 16.1054 45.4396 0.080879 0.273576 -0.958444 0 161 255
13.5835 16.6529 45.1903 0.0365779 0.37819 -0.925005 0 213 255
14.0074 15.0034 45.2416 0.137742 0.245743 -0.959499 0 121 255
14.4659 15 45.1279 0.167925 0.236419 -0.957031 0 141 255
14.902 14.8832 44.9906 0.108134 0.318606 -0.941699 0 161 255
15.2562 16.2337 45.5424 0.122642 0.284159 -0.950901 0 209 255
15.7177 15.1233 45.5517 0.0230863 0.339213 -0.940426 0 149 255
16.1604 14.5566 45.2968 0.0401121 0.333255 -0.941983 0 145 255
17.3946 14.7817 45.3994 0.0541381 0.32543 -0.944015 0 189 255
17.388 15.2428 45.4426 0.0511873 0.320399 -0.945899 0 213 255
17.4286 15.8761 45.3281 0.0376015 0.282685 -0.958476 28 255 219
20.8686 14.6121 45.287 0.157426 0.352732 -0.922387 57 255 190
13.0985 17.1423 45.2361 0.0395732 0.378361 -0.924812 0 221 254
14.7878 17.2742 45.3646 0.104117 0.32374 -0.9404 35 255 212
0.206499 -10.3213 47.9536 -0.802285 -0.10359 -0.587884 186 255 60
0.962679 -10.6713 45.5955 -0.625185 0.0281911 -0.779967 255 163 0
1.23983 -10.4005 46.1521 -0.634476 0.113598 -0.764549 255 226 0
1.203 -10.1319 47.1055 -0.642644 0.0884719 -0.76104 202 255 44
1.22113 -12.382 47.6488 -0.491553 -0.694583 -0.52529 154 255 93
1.22315 -11.875 47.7769 -0.569707 -0.586121 -0.576105 148 255 99
1.65674 -10.8835 45.8968 -0.291917 -0.0193478 -0.956248 255 208 0
1.6783 -10.4414 46.1556 0.013747 0.23838 -0.971075 244 248 2
2.15505 -11.8949 45.7872 -0.122233 -0.138885 -0.982736 255 215 0
2.19636 -11.3365 45.5017 -0.0839981 0.210154 -0.974053 255 193 0
2.16233 -10.4372 46.1608 0.0353483 0.245077 -0.968859 222 255 25
2.68405 -10.893 45.8198 0.118087 0.25417 -0.959924 235 255 12
2.6574 -10.4314 46.1354 0.0994547 0.218476 -0.970761 199 255 48
3.1442 -11.9135 45.8611 0.316531 -0.0717532 -0.945864 248 245 0
3.19592 -11.4164 45.811 0.264395 0.140059 -0.95419 231 255 15
3.15732 -10.4444 46.1797 0.102307 0.259085 -0.960421 173 255 73
3.60363 -11.4335 46.1627 0.355788 0.0256687 -0.934214 193 255 54
3.64226 -10.9428 46.1253 0.311815 0.0790289 -0.94685 173 255 73
3.65206 -10.4515 46.2063 0.254184 0.111328 -0.960727 148 255 99
4.09705 -10.9387 46.2702 0.389549 -0.0036296 -0.920998 144 255 102
4.14386 -10.4556 46.2286 0.31764 -0.0198915 -0.948003 125 255 122
4.18949 -11.6305 47.0626 0.439708 -0.29737 -0.847483 125 255 122
4.31387 -12.4377 47.8631 0.339392 -0.70885 -0.61834 60 255 186
4.61074 -10.4623 46.3448 0.350927 -0.0673752 -0.933976 96 255 151
4.68786 -11.611 47.1017 0.484296 -0.300769 -0.821581 96 255 151
4.76317 -11.2677 47.0013 0.466612 -0.307265 -0.829374 86 255 160
4.82929 -12.503 47.8367 0.430894 -0.641791 -0.634378 51 255 196
5.04331 -10.4649 46.6597 0.417223 -0.0979739 -0.903507 57 255 190
5.21463 -11.7029 46.9805 0.492171 -0.341643 -0.800655 80 255 167
5.24005 -11.1759 47.0609 0.483775 -0.317631 -0.81552 54 255 193
5.33273 -10.2379 46.9159 0.426006 -0.174014 -0.887828 22 255 225
5.3456 -12.5021 47.8119 0.455571 -0.461449 -0.761262 51 255 196
5.71635 -10.7097 47.1899 0.404737 -0.28383 -0.869269 6 237 241
5.77161 -10.1713 47.2113 0.34963 -0.25851 -0.900517 0 209 255
6.1661 -10.6179 47.3982 0.298871 -0.378737 -0.875919 0 189 255
6.22062 -10.1874 47.314 0.251738 -0.251992 -0.934413 0 173 255
7.26732 -10.1755 47.1232 -0.0605154 -0.37999 -0.923009 0 121 255
7.773 -10.1657 47.0227 -0.0528203 -0.431471 -0.900579 0 100 255
7.87723 -11.0831 47.596 -0.0904782 -0.613858 -0.784214 0 97 255
8.27713 -10.1052 46.988 -0.19581 -0.461058 -0.865496 0 68 255
8.4211 -11.8696 47.4894 -0.264719 -0.667592 -0.695877 0 113 255
8.89891 -10.9755 47.5239 -0.260687 -0.573302 -0.776767 0 41 255
8.86565 -10.5448 47.5202 -0.247881 -0.567352 -0.785281 0 17 255
9.4425 -10.8838 47.4759 -0.294167 -0.540511 -0.788235 0 9 255
9.4565 -10.3472 47.6281 -0.292121 -0.51936 -0.803076 0 0 246
9.7988 -10.5765 46.5112 -0.340969 -0.459094 -0.820349 0 41 255
9.72995 -10.1493 46.4292 -0.410127 -0.394559 -0.822265 0 29 255
10.0175 -11.1975 47.4115 -0.204499 -0.609393 -0.766042 0 0 255
10.2388 -10.1168 46.3279 -0.411879 -0.385217 -0.825811 0 13 255
10.4376 -11.32 47.069 -0.272486 -0.638889 -0.719425 0 1 255
10.3292 -11.0474 46.8431 -0.284963 -0.616104 -0.73431 0 13 255
10.6488 -12.1119 47.9296 -0.103786 -0.725601 -0.680244 0 0 232
10.7948 -10.4984 46.3282 -0.237374 -0.550003 -0.800719 0 4 255
10.9271 -11.2983 46.8845 -0.168444 -0.64594 -0.744572 0 0 255
10.7817 -10.6273 46.5088 -0.195825 -0.608691 -0.768861 0 0 255
11.1493 -12.0943 47.7331 -0.150844 -0.761049 -0.630913 0 0 218
11.3787 -10.8768 46.6075 -0.130982 -0.571211 -0.810285 0 0 241
11.6419 -11.4799 47.7269 -0.100002 -0.753396 -0.649919 0 0 196
11.6661 -10.0818 45.8589 -0.0617231 -0.408893 -0.910493 0 0 250
12.0198 -10.9565 47.1685 -0.0493882 -0.704824 -0.707661 0 0 182
12.1456 -12.0925 47.3462 -0.110852 -0.759746 -0.640702 0 0 232
12.152 -10.9998 47.5738 0.0230763 -0.727271 -0.685962 0 0 182
12.3424 -10.3494 46.2168 -0.154803 -0.33951 -0.927776 0 0 209
12.6401 -10.9674 47.344 -0.0312671 -0.716656 -0.696725 0 0 146
12.8469 -11.8346 45.9091 -0.0238005 -0.704324 -0.70948 0 4 255
12.849 -10.7668 46.1102 -0.060998 -0.343236 -0.937266 0 0 209
12.8486 -10.2709 46.1404 -0.0393276 -0.267435 -0.962773 0 0 178
13.328 -10.2383 45.9985 0.102774 -0.0942042 -0.990234 0 0 182
13.3269 -10.8037 45.8992 0.0638571 -0.305898 -0.94992 0 0 209
13.6083 -11.5458 46.7691 0.227709 -0.707231 -0.669308 0 0 164
13.798 -10.7691 45.6539 0.119053 -0.180517 -0.97634 0 0 218
13.7839 -11.3277 45.5296 0.194493 -0.422609 -0.885197 0 0 250
14.3871 -10.583 47.7108 0.405458 -0.651617 -0.641093 0 9 255
14.4639 -10.4231 46.2831 0.237229 -0.0881319 -0.967448 0 0 173
0.210002 -7.73789 47.3647 -0.778803 0.0676504 -0.62361 138 255 109
0.706895 -8.626 47.33 -0.697551 0.0970144 -0.709937 151 255 96
0.708654 -8.1281 47.4231 -0.75677 0.0627273 -0.650664 128 255 119
0.710413 -7.62984 47.5117 -0.770329 0.072058 -0.633562 102 255 144
1.20176 -7.63685 47.5762 -0.742241 0.0723107 -0.666221 77 255 170
1.71005 -9.90835 46.3605 -0.118453 0.265786 -0.956727 209 255 38
1.65407 -8.94267 46.3319 -0.45397 0.11568 -0.883476 177 255 70
1.70454 -8.47478 46.5557 -0.504928 0.0337602 -0.862501 144 255 102
1.80825 -8.01881 46.7846 -0.572913 0.0955894 -0.814023 109 255 138
2.25374 -8.86691 46.1435 -0.106067 -0.0416565 -0.993486 157 255 90
2.16745 -9.94934 46.2761 0.0157942 0.215354 -0.976408 196 255 51
2.14887 -9.42317 46.2196 -0.0839617 0.0709752 -0.993938 180 255 67
2.09371 -8.44465 46.3309 -0.397293 -0.0538013 -0.916113 138 255 109
2.13471 -7.9767 46.5227 -0.521052 -0.000423864 -0.853525 109 255 138
2.65965 -8.3208 45.9397 -0.146797 -0.154331 -0.977053 131 255 115
2.65265 -7.83736 45.9526 -0.260553 -0.0666682 -0.963155 112 255 135
2.65916 -9.9536 46.2964 0.0829619 0.240298 -0.967148 173 255 73
2.65906 -9.45374 46.3207 0.0462815 0.0417283 -0.998056 151 255 96
2.62076 -8.92278 46.1953 -0.073172 -0.0334168 -0.996759 138 255 109
3.11219 -8.31475 45.9653 -0.124821 -0.195658 -0.972696 106 255 141
3.11403 -7.82783 45.8486 -0.148365 -0.185404 -0.971397 96 255 151
3.15391 -9.95985 46.3248 0.0776759 0.137251 -0.987486 148 255 99
3.15784 -9.46823 46.4065 0.0910775 0.0239818 -0.995555 122 255 125
3.16314 -8.96678 46.3569 0.0236856 -0.128114 -0.991477 106 255 141
3.59381 -7.82895 45.8485 -0.0433685 -0.246508 -0.96817 73 255 173
3.65368 -9.96202 46.3156 0.13335 0.113804 -0.984513 122 255 125
3.65434 -9.47347 46.4271 0.122721 0.0595263 -0.990654 99 255 148
3.6598 -9.0431 46.4714 0.152452 -0.113103 -0.981818 80 255 167
3.68372 -8.52275 46.3455 0.14361 -0.251796 -0.957066 64 255 183
4.07473 -7.81109 45.8902 0.0775497 -0.3089 -0.947928 44 255 202
4.15287 -9.9646 46.3064 0.212252 0.0428389 -0.976276 99 255 148
4.15047 -9.4762 46.4329 0.218732 0.0431254 -0.974831 73 255 173
4.15644 -8.98705 46.5111 0.199239 -0.117649 -0.972863 54 255 193
4.18346 -8.52622 46.4621 0.202101 -0.259738 -0.944294 35 255 212
4.54221 -7.76008 45.9501 0.0888051 -0.349259 -0.932809 19 253 228
4.62435 -9.9677 46.3948 0.341897 -0.026933 -0.939351 73 255 173
4.63086 -9.4737 46.4917 0.282486 -0.022724 -0.959002 48 255 199
4.64951 -8.98855 46.5306 0.251272 -0.13281 -0.958762 28 255 219
4.67812 -8.52428 46.4962 0.240328 -0.303377 -0.922065 9 241 238
5.0945 -9.53314 46.7331 0.346977 -0.115722 -0.930707 15 249 231
5.16335 -8.51228 46.5309 0.234317 -0.358184 -0.90377 0 209 255
5.18123 -8.09075 46.4958 0.207526 -0.398131 -0.893546 0 193 255
5.36261 -9.31695 46.891 0.315215 -0.176791 -0.932408 0 209 255
5.53207 -9.38109 47.0326 0.315215 -0.176791 -0.932408 0 193 255
5.62561 -8.55955 46.5687 0.224441 -0.32443 -0.918897 0 181 255
5.64728 -8.00419 46.6416 0.138962 -0.456268 -0.878925 0 149 255
5.78668 -9.26279 47.1951 0.189833 -0.250859 -0.949228 0 161 255
6.1266 -8.4928 46.6262 0.0208144 -0.421769 -0.906465 0 145 255
6.13897 -8.03137 46.6552 -0.00276737 -0.4678 -0.88383 0 116 255
6.27254 -9.66324 47.2921 0.16525 -0.313915 -0.93496 0 145 255
6.27496 -9.20325 47.3045 0.0150957 -0.31953 -0.947456 0 121 255
6.63703 -8.4838 46.5647 -0.128652 -0.414176 -0.901059 0 121 255
6.63768 -7.99056 46.5176 -0.109602 -0.474943 -0.873164 0 97 255
6.76291 -9.76425 47.1669 -0.0314677 -0.407964 -0.912456 0 133 255
6.7653 -9.21674 47.2242 -0.0929973 -0.371942 -0.923586 0 97 255
7.06625 -7.58773 46.2364 -0.152368 -0.380165 -0.912282 0 73 255
7.13363 -8.48751 46.4674 -0.209463 -0.419612 -0.883205 0 93 255
7.25963 -9.75061 47.0761 -0.0820816 -0.445964 -0.891279 0 105 255
7.26031 -9.28139 47.1303 -0.13714 -0.439001 -0.887958 0 77 255
7.6173 -8.50286 46.3282 -0.1787 -0.440423 -0.879826 0 77 255
7.59939 -8.10334 46.2077 -0.187283 -0.426962 -0.884663 0 65 255
7.76442 -9.71039 47.0462 -0.0542486 -0.495125 -0.867127 0 81 255
8.14957 -8.83505 46.3689 -0.126346 -0.430057 -0.893917 0 61 255
8.10213 -8.50729 46.1953 -0.142088 -0.444784 -0.884295 0 57 255
8.26113 -9.68759 46.9551 -0.131184 -0.463773 -0.876188 0 57 255
8.622 -8.44316 46.1957 -0.203151 -0.477584 -0.854777 0 29 255
8.55872 -8.10022 45.9927 -0.226486 -0.466744 -0.8549 0 29 255
8.79826 -9.58965 47.0088 -0.152919 -0.445658 -0.882046 0 13 255
8.7428 -9.25113 46.8285 -0.158758 -0.458569 -0.874363 0 17 255
9.18911 -8.18915 46.4422 -0.239742 -0.496281 -0.834403 0 0 232
9.25179 -9.16068 46.8153 -0.233994 -0.477548 -0.846873 0 0 255
9.44019 -9.89567 47.664 -0.318542 -0.503902 -0.802878 0 0 209
9.68382 -8.24695 46.2073 -0.244297 -0.495891 -0.833313 0 0 227
9.74642 -9.6391 46.5711 -0.387201 -0.421929 -0.819787 0 1 255
10.0473 -8.42707 45.7105 -0.240702 -0.446954 -0.861565 0 0 255
10.2101 -9.64051 46.3469 -0.425343 -0.377532 -0.822528 0 0 255
10.1749 -9.21231 46.3145 -0.394465 -0.403633 -0.825517 0 0 250
10.5135 -8.39363 45.575 -0.171352 -0.458638 -0.871946 0 0 241
10.6848 -9.64407 46.1232 -0.302703 -0.354907 -0.884541 0 0 255
11.1718 -10.0861 45.8619 -0.089411 -0.407358 -0.908881 0 1 255
11.176 -9.62059 45.9238 -0.075487 -0.376272 -0.923429 0 0 241
11.6635 -9.45288 46.1337 -0.0356457 -0.364037 -0.930702 0 0 196
11.6721 -9.10304 45.8195 0.0280095 -0.320901 -0.946699 0 0 218
12.1066 -8.99738 45.8634 0.163813 -0.229853 -0.95934 0 0 191
12.1928 -8.61553 45.6244 0.221717 -0.224158 -0.948997 0 0 173
12.5493 -8.48856 45.7346 0.239129 -0.215161 -0.946849 0 0 146
12.6164 -8.04416 45.6536 0.264136 -0.228236 -0.937092 0 0 146
12.8626 -9.71113 46.1918 0.114014 -0.211537 -0.970697 0 0 168
12.9088 -9.31066 46.1378 0.192314 -0.0457866 -0.980265 0 0 150
13.338 -9.74592 46.0202 0.18465 0.0428985 -0.981868 0 0 168
13.3586 -9.19066 46.0754 0.202741 -0.0118643 -0.979161 0 0 164
13.3762 -8.70676 46.1368 0.250198 -0.128123 -0.95968 0 0 187
13.4448 -8.23493 46.0892 0.263502 -0.156595 -0.951864 0 0 218
13.8345 -9.7056 46.1803 0.256136 -0.0126622 -0.966558 0 0 164
13.7626 -8.63109 46.1922 0.244893 -0.114366 -0.962781 0 0 218
13.8038 -8.1537 46.1308 0.228356 -0.132903 -0.964464 0 0 246
14.126 -9.36179 46.5313 0.289675 -0.0907766 -0.952811 0 0 223
14.3245 -7.91956 46.2828 0.23978 -0.19107 -0.951839 0 13 255
14.1565 -8.04818 46.2476 0.230365 -0.143758 -0.962427 0 1 255
14.2214 -7.59359 46.1117 0.22325 -0.250961 -0.941901 0 4 255
14.543 -9.81003 46.4564 0.272526 -0.0595416 -0.960304 0 0 232
14.5643 -9.30905 46.5495 0.258804 -0.114213 -0.959154 0 0 255
14.5895 -8.88078 46.6306 0.235592 -0.106069 -0.966046 0 13 255
15.021 -9.33963 46.3713 0.260147 -0.114431 -0.958764 0 0 255
15.0128 -8.83457 46.5062 0.273497 -0.0983779 -0.956829 0 20 255
15.0305 -8.34154 46.5811 0.307319 -0.0897518 -0.947365 0 45 255
15.0529 -7.77614 46.5613 0.319079 -0.0620448 -0.945695 0 73 255
15.4295 -8.22816 46.3534 0.338732 -0.113388 -0.934026 0 45 255
15.4603 -7.72947 46.3673 0.332363 -0.0435299 -0.942147 0 68 255
15.4667 -8.86977 46.2324 0.294049 -0.112709 -0.949122 0 13 255
16.3432 -8.45173 46.7962 0.407411 -0.0904919 -0.908751 0 113 255
16.2962 -9.09876 46.8547 0.394954 -0.184144 -0.900057 0 84 255
16.9724 -7.9587 47.8208 0.572783 -0.155944 -0.804737 9 241 238
17.1056 -8.6014 47.59 0.570458 -0.0990362 -0.815334 0 200 255
17.1099 -9.19017 47.5183 0.536024 -0.351788 -0.767414 0 168 255
18.853 -8.14414 47.5809 0.239764 -0.323802 -0.915241 22 255 225
20.1628 -8.23999 47.8237 0.152462 -0.512992 -0.844745 57 255 190
0.720417 -6.63368 47.6809 -0.778377 0.151208 -0.609315 54 255 193
0.762017 -6.1438 47.784 -0.751423 0.226289 -0.619803 28 255 219
0.770314 -5.64737 47.8575 -0.732059 0.294755 -0.614174 6 237 241
1.21587 -7.14125 47.6762 -0.732761 0.0978009 -0.673422 51 255 196
1.21014 -6.63982 47.7489 -0.698502 0.160978 -0.697267 28 255 219
0.865278 -5.52325 47.5822 -0.695072 0.306025 -0.650556 12 245 235
1.67968 -6.01635 46.8813 -0.609364 0.173835 -0.7736 31 255 215
2.11896 -7.42509 46.6069 -0.587911 0.121725 -0.799715 86 255 160
2.03393 -6.46423 46.5882 -0.601919 0.123506 -0.788949 51 255 196
2.14758 -6.00987 46.8802 -0.570754 0.197596 -0.796992 12 245 235
2.22082 -5.55101 47.0687 -0.530017 0.322285 -0.784356 0 205 255
2.64411 -7.3556 45.9642 -0.356576 0.0345197 -0.933628 93 255 154
2.6641 -6.87831 46.006 -0.389214 0.0839284 -0.917316 70 255 177
2.66307 -6.4095 46.071 -0.432769 0.182952 -0.882745 48 255 199
2.68695 -5.94094 46.171 -0.448413 0.274514 -0.850628 22 255 225
2.72822 -5.49096 46.3082 -0.405067 0.301508 -0.863142 0 225 251
3.11095 -7.35374 45.8688 -0.256764 -0.0175983 -0.966314 77 255 170
3.11138 -6.87598 45.9273 -0.294648 0.0704258 -0.953007 54 255 193
3.1134 -6.39571 45.9961 -0.364651 0.147457 -0.919394 31 255 215
3.12121 -5.9179 46.0766 -0.426155 0.249113 -0.869675 9 241 238
3.13575 -5.4443 46.1659 -0.453104 0.299205 -0.839746 0 209 255
3.58457 -7.36467 45.8084 -0.155061 -0.0936379 -0.983457 57 255 190
3.58567 -6.87798 45.8927 -0.181971 0.0196072 -0.983108 35 255 212
3.57864 -6.39054 45.9503 -0.301128 0.0873752 -0.949572 15 249 231
3.57437 -5.90142 46.0119 -0.332991 0.21379 -0.918374 0 221 254
3.57883 -5.41809 46.0866 -0.360159 0.277871 -0.890546 0 189 255
4.07083 -7.37535 45.7911 -0.0149453 -0.208458 -0.977917 38 255 209
4.05271 -6.90621 45.7342 -0.172043 -0.092093 -0.980775 25 255 222
4.03339 -6.39091 45.8273 -0.29439 -0.0218291 -0.955436 0 229 248
4.02022 -5.88168 45.9147 -0.365587 0.225958 -0.902934 0 200 255
4.03093 -5.39681 46.0096 -0.331985 0.303501 -0.893125 0 173 255
4.56289 -7.37897 45.7917 0.00620585 -0.391982 -0.919952 12 245 235
5.04265 -7.32166 45.8956 0.104151 -0.513179 -0.851939 0 205 255
5.06275 -7.02318 45.6824 0.00700111 -0.463617 -0.886008 0 209 255
5.51558 -7.23668 46.0211 0.123348 -0.534624 -0.83604 0 168 255
5.54954 -6.95027 45.7093 0.076784 -0.54088 -0.837588 0 177 255
6.02175 -6.91883 45.838 0.122936 -0.541302 -0.831792 0 133 255
6.14901 -7.57166 46.5511 0.0309631 -0.465274 -0.884625 0 100 255
6.50743 -6.89172 45.8474 0.0758043 -0.472583 -0.87802 0 105 255
6.51515 -6.50986 45.6635 0.145372 -0.409686 -0.900569 0 100 255
6.63321 -7.63264 46.4497 -0.084366 -0.390519 -0.916721 0 84 255
7.01329 -7.19333 46.02 -0.11598 -0.349825 -0.929608 0 73 255
7.0032 -6.81671 45.817 -0.033657 -0.339191 -0.940115 0 73 255
6.99367 -6.38663 45.7482 0.0505124 -0.376579 -0.925006 0 61 255
6.99266 -5.94216 45.6754 0.104682 -0.315001 -0.943301 0 52 255
6.99836 -5.49591 45.5408 0.0653599 -0.298296 -0.952233 0 45 255
7.48053 -6.41874 45.7342 -0.106205 -0.29315 -0.950149 0 33 255
7.47395 -5.90774 45.6946 -0.0614182 -0.322386 -0.944614 0 20 255
7.46694 -5.45651 45.5955 -0.0548882 -0.325341 -0.944002 0 17 255
7.56312 -7.69968 46.1038 -0.181534 -0.363185 -0.913861 0 57 255
7.56841 -7.27252 45.9394 -0.200202 -0.313553 -0.928226 0 49 255
7.97733 -6.84576 45.7009 -0.204961 -0.233687 -0.950464 0 20 255
7.96616 -6.35908 45.6337 -0.200036 -0.22716 -0.953092 0 9 255
7.95585 -5.95462 45.6216 -0.172187 -0.272754 -0.94655 0 0 255
7.94613 -5.49679 45.5472 -0.122812 -0.321497 -0.938913 0 0 255
8.03361 -7.70084 45.9418 -0.184095 -0.376309 -0.90802 0 41 255
8.42874 -5.94948 45.4933 -0.224533 -0.23438 -0.94586 0 0 255
8.40781 -5.43976 45.3321 -0.141266 -0.238976 -0.960695 0 0 241
8.86362 -5.472 45.1914 -0.142519 -0.149445 -0.978445 0 0 237
8.98618 -7.71941 45.7468 -0.271567 -0.381533 -0.883563 0 4 255
8.86714 -6.59068 45.4187 -0.332958 -0.139838 -0.932515 0 0 255
10.4354 -7.61374 45.1901 -0.130514 -0.34667 -0.928863 0 0 241
10.9773 -7.498 45.3194 0.0384039 -0.284092 -0.958027 0 0 196
11.0023 -7.06451 45.1292 0.0262339 -0.216074 -0.976025 0 0 187
11.425 -5.5758 44.9607 -0.00621528 -0.0466873 -0.99889 0 0 168
12.6252 -7.5598 45.7208 0.271541 -0.230289 -0.934469 0 0 182
12.6223 -7.06746 45.8214 0.252003 -0.254217 -0.933739 0 0 205
12.6767 -6.61785 45.729 0.229861 -0.23556 -0.944285 0 0 227
12.9118 -7.4255 45.8843 0.27964 -0.245357 -0.928225 0 0 209
13.5538 -6.05224 45.4543 0.206529 -0.243738 -0.947596 0 0 255
13.5836 -5.58094 45.4296 0.255888 -0.146986 -0.955467 0 4 255
13.9772 -7.34214 45.8511 0.23046 -0.271904 -0.934321 0 0 255
14.3186 -7.24014 45.894 0.229284 -0.289292 -0.929376 0 9 255
14.6476 -7.04986 45.9635 0.362412 -0.250547 -0.89771 0 41 255
15.1676 -5.60769 45.6865 0.441373 -0.16735 -0.88158 0 81 255
15.4891 -7.3 46.4289 0.425016 -0.1005 -0.899589 0 93 255
15.5585 -6.18923 46.437 0.536401 -0.14925 -0.830661 0 141 255
15.5417 -6.81348 46.4177 0.501268 -0.0957733 -0.859976 0 116 255
15.8189 -5.71581 46.5985 0.521174 -0.215678 -0.825749 0 181 255
16.2584 -7.3573 47.1236 0.539677 -0.0371179 -0.841053 0 181 255
16.1923 -6.88562 47.4361 0.556646 -0.110939 -0.823309 0 225 251
16.2675 -6.32663 47.3275 0.539864 -0.161779 -0.82606 6 237 241
16.3193 -5.32888 47.3653 0.510761 -0.216407 -0.83204 41 255 206
16.7086 -7.39106 46.8013 0.533326 -0.0375711 -0.845075 0 165 255
16.7212 -6.23955 46.913 0.512239 -0.207058 -0.83351 0 217 255
16.7792 -6.90228 46.7489 0.525285 -0.103581 -0.844598 0 177 255
16.7028 -5.7166 47.061 0.498774 -0.260114 -0.82678 15 249 231
16.719 -5.27578 47.1139 0.439455 -0.243669 -0.864583 31 255 215
17.1409 -5.23349 46.7981 0.312639 -0.236356 -0.919996 22 255 225
17.5225 -6.45502 47.6749 0.37107 -0.257239 -0.892264 57 255 190
17.6303 -5.94614 47.5237 0.343424 -0.306942 -0.887607 64 255 183
18.0288 -5.31189 47.2613 0.178681 -0.260609 -0.948766 70 255 177
18.8667 -6.50933 47.8239 0.175332 -0.320644 -0.930831 90 255 157
18.8293 -5.9082 48.0465 0.060099 -0.417128 -0.906858 125 255 122
18.8846 -5.31338 46.4778 -0.0785643 -0.377057 -0.922852 31 255 215
20.5495 -5.33933 46.1758 -0.120913 -0.53831 -0.834028 35 255 212
20.5975 -6.54891 47.573 -0.0419482 -0.451363 -0.891354 102 255 144
20.6061 -6.02466 47.6499 -0.110206 -0.583846 -0.80435 128 255 119
20.6083 -5.59827 47.6955 -0.0505858 -0.509776 -0.858819 141 255 106
21.9343 -5.56244 47.867 0.0867962 -0.594586 -0.799334 173 255 73
21.941 -6.1632 47.821 0.0812655 -0.57474 -0.814291 157 255 90
21.959 -7.36895 47.7448 0.1703 -0.345645 -0.922783 115 255 131
23.2711 -6.62837 48.1454 -0.0813848 -0.455716 -0.886397 170 255 77
24.0538 -5.54926 46.9227 0.155224 -0.592721 -0.790309 70 255 177
25.0394 -5.65236 47.5479 0.00237385 -0.431379 -0.902168 93 255 154
25.0558 -6.26369 47.5265 -0.0308816 -0.380347 -0.924328 90 255 157
25.0519 -5.16686 47.6656 -0.00848701 -0.422308 -0.906413 99 255 148
26.47 -5.1906 47.7053 0.206353 -0.364164 -0.908187 48 255 199
26.4954 -5.8179 47.6814 0.181853 -0.371419 -0.910482 54 255 193
27.9801 -5.81468 47.917 0.304042 -0.360926 -0.881641 19 253 228
1.2922 -5.07128 47.0714 -0.635092 0.296055 -0.713449 6 237 241
1.7561 -5.06845 47.1169 -0.559708 0.323201 -0.763065 0 205 255
2.22783 -5.06275 47.1422 -0.505751 0.361692 -0.783195 0 177 255
2.21671 -4.56549 47.1764 -0.517363 0.304677 -0.799692 0 157 255
2.22548 -3.63911 47.2724 -0.580813 0.211662 -0.786038 0 97 255
2.22351 -3.08137 47.3277 -0.633146 0.142935 -0.760721 0 68 255
2.63252 -5.02015 47.0257 -0.467776 0.361759 -0.806422 0 165 255
2.67145 -4.54899 47.1544 -0.497047 0.299726 -0.814315 0 129 255
2.70801 -4.07178 47.2605 -0.508167 0.221493 -0.83229 0 93 255
2.69649 -3.57325 47.2896 -0.593247 0.139757 -0.792796 0 68 255
2.68901 -3.07707 47.3239 -0.630286 0.114332 -0.767898 0 41 255
3.1971 -5.00304 46.3403 -0.453618 0.323537 -0.830394 0 173 255
3.27991 -4.56103 46.5744 -0.439195 0.323833 -0.837998 0 133 255
3.1209 -4.04497 47.1547 -0.510561 0.187487 -0.839152 0 73 255
3.13587 -3.5606 47.227 -0.52369 0.0810222 -0.848047 0 49 255
3.06045 -3.05753 47.1679 -0.572966 0.0936342 -0.814213 0 33 255
3.61852 -4.96085 46.2255 -0.382802 0.332385 -0.861964 0 157 255
3.67153 -4.00658 46.4183 -0.423648 0.136623 -0.895464 0 97 255
3.67783 -3.51246 46.4624 -0.448041 0.0146603 -0.893893 0 73 255
3.66761 -3.0228 46.4835 -0.471807 0.00987673 -0.881647 0 52 255
3.34567 -4.39058 46.5859 -0.451973 0.251238 -0.85592 0 121 255
4.07099 -4.93928 46.1551 -0.350985 0.306101 -0.884936 0 136 255
4.10263 -4.47493 46.2719 -0.358173 0.268847 -0.894111 0 105 255
4.11828 -3.99394 46.348 -0.349501 0.128133 -0.928133 0 77 255
4.12417 -3.50553 46.4 -0.394299 0.0245824 -0.918653 0 57 255
4.10293 -3.02037 46.3979 -0.438528 -0.0281115 -0.898278 0 41 255
4.85702 -2.91295 46.0614 -0.500548 -0.123076 -0.856916 0 20 255
4.5276 -4.92437 46.0821 -0.390658 0.354684 -0.849462 0 121 255
4.58082 -4.47031 46.2413 -0.383453 0.240072 -0.891812 0 84 255
4.60093 -3.99296 46.3321 -0.399749 0.101743 -0.910961 0 57 255
4.58705 -3.56421 46.3311 -0.412905 0.0173079 -0.91061 0 36 255
4.94625 -4.88411 45.8837 -0.45433 0.338965 -0.823824 0 109 255
5.02591 -4.45384 46.1264 -0.475658 0.245105 -0.844791 0 68 255
5.04548 -3.9817 46.214 -0.483854 0.048002 -0.873831 0 41 255
4.99537 -3.49482 46.1532 -0.473788 -0.0441793 -0.87953 0 29 255
4.89843 -3.02994 46.0606 -0.503755 -0.104612 -0.857489 0 25 255
5.41448 -3.9611 45.917 -0.509843 0.00968831 -0.860213 0 45 255
8.86776 -4.93381 45.0049 -0.000553405 -0.049619 -0.998768 0 0 223
8.97084 -4.04546 45.1639 0.200343 0.116051 -0.972828 0 0 187
8.94036 -3.49597 45.5504 0.269269 -0.0720627 -0.960365 0 0 191
9.39985 -4.01724 45.4329 0.158701 0.103327 -0.981905 0 0 150
9.40671 -3.00321 45.5678 0.184468 -0.263803 -0.946773 0 0 214
10.0789 -4.07285 45.9443 -0.115275 0.161332 -0.980145 0 0 227
10.5307 -4.08831 45.7935 -0.279187 0.157629 -0.94721 0 0 237
10.5024 -3.5822 45.8253 -0.279896 -0.0269936 -0.959651 0 0 255
13.6466 -4.53601 45.4248 0.347518 -0.0538505 -0.936126 0 45 255
13.6687 -4.04257 45.464 0.347542 -0.0469074 -0.93649 0 68 255
14.0017 -4.0859 45.4937 0.34466 -0.0379532 -0.93796 0 81 255
14.0363 -3.60239 45.4657 0.375712 -0.0179052 -0.926563 0 89 255
14.8769 -5.16367 45.7416 0.329051 -0.115276 -0.937249 0 97 255
14.8526 -4.66335 45.8459 0.32361 -0.0696653 -0.943623 0 125 255
15.0936 -5.04802 45.8861 0.400145 -0.120804 -0.908455 0 121 255
15.1483 -4.62605 45.8745 0.284739 -0.0269087 -0.958227 0 136 255
15.2738 -4.08331 45.69 0.298855 0.0324578 -0.953746 0 136 255
15.3112 -3.64841 45.6751 0.296872 0.0858321 -0.951052 0 149 255
15.2212 -3.16114 45.9267 0.392793 0.0993701 -0.914242 0 181 255
15.5478 -4.06116 45.7187 0.360379 0.0647995 -0.930553 0 149 255
16.1151 -4.73404 46.1317 0.53008 -0.196873 -0.824777 0 185 255
16.2506 -3.77799 45.9373 0.44522 -0.0163596 -0.895272 0 200 255
16.0744 -3.2267 46.3056 0.373153 -0.000305752 -0.92777 12 245 235
16.5311 -4.20828 45.8575 0.502937 -0.0970613 -0.858856 0 189 255
16.7488 -4.78562 47.1351 0.414206 -0.244414 -0.876753 51 255 196
16.9185 -3.81562 46.8225 0.396 -0.0796448 -0.91479 57 255 190
16.8552 -3.31362 46.9886 0.335895 -0.0704265 -0.939263 80 255 167
16.8531 -4.17562 45.7702 0.465727 -0.144068 -0.873123 0 193 255
17.1325 -4.68232 46.8877 0.293221 -0.19117 -0.936737 44 255 202
17.1921 -3.75323 46.9153 0.354417 -0.132464 -0.925658 73 255 173
17.2309 -3.24949 46.8879 0.30411 -0.180815 -0.93532 80 255 167
17.3033 -2.7777 46.5696 0.26484 -0.268644 -0.926116 67 255 180
17.5789 -3.12861 46.9707 0.245687 -0.27238 -0.930294 99 255 148
18.0639 -4.943 47.2986 0.173247 -0.238722 -0.955509 86 255 160
18.0622 -4.35447 47.3467 0.130664 -0.121298 -0.983979 109 255 138
18.0754 -3.85073 47.3525 0.077154 -0.0831311 -0.993547 122 255 125
18.0814 -2.886 47.3187 0.0774312 -0.405826 -0.910665 135 255 112
18.4816 -4.85092 46.8998 0.0777526 -0.296897 -0.951739 67 255 180
18.4769 -4.3209 47.0238 0.0358538 -0.0931599 -0.995005 93 255 154
18.4764 -3.79986 47.0558 0.019853 -0.132461 -0.990989 109 255 138
18.4851 -3.28033 47.1697 0.00258158 -0.351987 -0.936001 125 255 122
18.4918 -2.73981 47.2747 0.0236281 -0.435683 -0.89979 138 255 109
18.9442 -3.18717 46.9099 -0.117187 -0.290056 -0.949808 112 255 135
18.9304 -2.72216 46.8234 -0.0709081 -0.486359 -0.870877 109 255 138
19.351 -4.87543 47.7254 -0.257405 -0.401382 -0.878997 144 255 102
19.2747 -4.42486 47.4643 -0.248957 -0.279539 -0.927296 138 255 109
19.4276 -3.13692 46.7033 -0.238166 -0.249023 -0.938757 106 255 141
19.3734 -2.61168 46.552 -0.11538 -0.450406 -0.885337 96 255 151
19.2811 -3.95003 47.4412 -0.262347 -0.176013 -0.948785 148 255 99
19.6196 -4.96325 46.9329 -0.229562 -0.371987 -0.899404 90 255 157
19.7253 -4.38407 47.1527 -0.241492 -0.288527 -0.926517 122 255 125
19.7401 -3.85982 47.2276 -0.221548 -0.0584763 -0.973395 141 255 106
20.1734 -4.2778 46.7937 -0.214919 -0.117465 -0.969542 106 255 141
20.1516 -3.83629 46.7852 -0.273873 -0.104589 -0.956062 109 255 138
20.1441 -2.89005 46.6812 -0.200996 -0.310911 -0.928943 112 255 135
20.5653 -4.89495 46.2566 -0.114826 -0.390343 -0.913481 51 255 196
20.575 -4.38367 46.3226 -0.252948 -0.170236 -0.952385 67 255 180
20.5708 -3.80912 46.3502 -0.248611 -0.095935 -0.963841 77 255 170
20.5729 -3.30853 46.3372 -0.187742 -0.171909 -0.967057 83 255 164
20.5922 -2.77813 46.4679 -0.125158 -0.223752 -0.966577 93 255 154
20.9395 -2.61022 46.3062 -0.0254081 -0.250785 -0.967709 77 255 170
21.3966 -4.38915 46.7234 -0.0607983 -0.40903 -0.910494 96 255 151
21.4282 -3.88376 46.8401 -0.0190604 -0.247424 -0.96872 112 255 135
21.4406 -3.39025 46.8353 -0.0846159 -0.0709998 -0.993881 115 255 131
21.8332 -4.3739 46.3506 -0.0406629 -0.306921 -0.950866 64 255 183
21.8374 -3.86757 46.2522 -0.0296487 -0.0866551 -0.995797 64 255 183
21.8363 -3.28047 46.2497 -0.05887 -0.0834014 -0.994776 64 255 183
21.8561 -2.84064 46.3752 -0.0617266 -0.0611704 -0.996217 70 255 177
21.9421 -5.03176 47.932 0.155043 -0.603745 -0.781955 186 255 60
22.2396 -3.82113 46.2747 -0.00102118 -0.0857241 -0.996318 57 255 190
22.233 -2.80081 46.0255 -0.0536956 -0.061759 -0.996646 35 255 212
22.3529 -5.06665 47.4452 0.0720587 -0.597036 -0.798972 141 255 106
22.7393 -4.78111 47.0297 -0.0121461 -0.551997 -0.833758 106 255 141
22.7324 -4.53964 46.7716 0.0461606 -0.530171 -0.846633 90 255 157
22.7928 -3.50598 46.4919 0.0806795 -0.184387 -0.979537 64 255 183
23.1082 -3.86355 46.7085 0.0945947 -0.222284 -0.970382 77 255 170
23.1496 -3.3972 46.3913 0.111169 -0.117201 -0.986866 44 255 202
23.1383 -2.80156 46.4891 0.0439604 -0.102585 -0.993752 44 255 202
23.4901 -3.26597 46.0612 0.174773 -0.117791 -0.977538 9 241 238
23.5042 -4.96513 45.8958 0.227625 -0.331553 -0.915565 2 232 244
23.5016 -2.76136 46.0709 0.0737231 -0.0582838 -0.995574 0 229 248
23.6707 -4.4533 47.5468 0.120895 -0.544673 -0.829889 131 255 115
23.9883 -4.32602 47.244 0.157034 -0.408038 -0.899358 99 255 148
24.1071 -3.9565 46.8679 0.21633 -0.319963 -0.922402 64 255 183
24.4314 -3.38726 46.6837 0.193762 -0.268434 -0.94361 28 255 219
24.4761 -2.91304 46.4759 0.134835 -0.248232 -0.959271 2 232 244
25.0497 -3.98927 47.6237 0.188227 -0.337906 -0.922166 80 255 167
25.0368 -4.5522 47.7062 0.109419 -0.371715 -0.921876 96 255 151
25.4158 -4.51029 47.1967 0.239573 -0.319407 -0.916833 44 255 202
25.4263 -3.99637 47.1862 0.129882 -0.3444 -0.929795 35 255 212
25.438 -3.48286 47.1665 0.0675898 -0.401997 -0.913143 22 255 225
25.4511 -2.9715 47.1314 0.0746854 -0.310262 -0.947713 12 245 235
25.7853 -3.88901 46.6706 0.0779049 -0.382503 -0.920664 0 205 255
25.8016 -2.84041 46.7094 0.0447706 -0.298814 -0.953261 0 189 255
25.8023 -3.4298 46.7111 0.0971495 -0.341976 -0.934673 0 197 255
26.4816 -4.66044 47.7032 0.223272 -0.283638 -0.932577 38 255 209
26.828 -3.98003 47.3021 0.266521 -0.311836 -0.91199 0 213 255
26.8546 -2.98051 47.3273 0.347748 -0.243113 -0.905521 0 181 255
26.8592 -3.52785 47.2826 0.320841 -0.31957 -0.891592 0 193 255
26.8564 -4.60703 47.242 0.208838 -0.301637 -0.93027 0 217 255
28.354 -3.50846 47.5184 0.343602 -0.188072 -0.92009 0 141 255
28.3622 -3.02715 47.5573 0.39196 -0.208601 -0.89602 0 129 255
2.33322 -2.18425 47.53 -0.691793 0.166021 -0.702752 0 4 255
2.70391 -2.58597 47.3842 -0.667331 0.167617 -0.725654 0 9 255
2.74085 -2.10111 47.4679 -0.656905 0.242718 -0.713838 0 0 246
2.87916 -1.64667 47.6855 -0.634547 0.279927 -0.72041 0 0 200
3.29447 -2.55266 46.6625 -0.537817 0.0674233 -0.840361 0 33 255
3.2648 -2.0766 46.6488 -0.582165 0.175535 -0.793896 0 17 255
3.11736 -1.56961 47.3609 -0.627742 0.316777 -0.71105 0 0 223
3.311 -0.629233 47.7042 -0.581195 0.162625 -0.797349 0 0 164
3.64553 -2.53782 46.4829 -0.536347 0.0414849 -0.842977 0 29 255
3.64826 -2.05583 46.5187 -0.566518 0.0866195 -0.819484 0 4 255
3.66479 -1.63804 46.5566 -0.632509 0.242724 -0.735539 0 0 255
3.76444 -1.19108 46.7114 -0.640663 0.31227 -0.701454 0 0 223
3.6725 -0.602875 47.4846 -0.555405 0.209999 -0.804627 0 0 150
4.07892 -2.53511 46.4005 -0.497178 -0.029325 -0.867153 0 17 255
4.08323 -2.10941 46.4312 -0.535891 0.0247861 -0.843923 0 0 255
4.09938 -1.62591 46.4834 -0.61403 0.151119 -0.774681 0 0 232
4.14237 -1.09343 46.5777 -0.637993 0.336974 -0.692397 0 0 200
4.21681 -0.649236 46.7002 -0.606506 0.322448 -0.726758 0 0 164
4.71803 -1.14873 45.9042 -0.596546 0.197892 -0.777799 0 0 246
4.5095 -2.5362 46.3035 -0.505074 -0.0492914 -0.861667 0 9 255
4.5105 -2.10535 46.326 -0.547923 0.00675727 -0.836502 0 0 255
4.47212 -1.59774 46.3173 -0.580474 0.101162 -0.807971 0 0 227
4.52358 -0.557365 46.4393 -0.609424 0.388966 -0.690875 0 0 173
5.05691 -2.48253 45.639 -0.525833 -0.115729 -0.842678 0 29 255
5.03716 -2.07436 45.6074 -0.516876 -0.0739604 -0.85286 0 17 255
5.0108 -1.54499 45.6044 -0.536682 0.0335319 -0.843118 0 0 255
5.00634 -1.07124 45.6248 -0.54756 0.215072 -0.808654 0 0 255
5.06188 -0.637673 45.7427 -0.526402 0.405095 -0.747528 0 0 223
5.43552 -2.48685 45.3907 -0.403061 -0.102326 -0.909435 0 36 255
5.41584 -2.06572 45.3642 -0.416036 -0.0613268 -0.907278 0 20 255
5.41098 -1.52163 45.3802 -0.33049 0.0648075 -0.941582 0 1 255
5.42059 -1.09456 45.4156 -0.394061 0.188719 -0.8995 0 0 255
5.45666 -0.637925 45.5103 -0.386033 0.308012 -0.869544 0 0 255
5.87264 -1.56874 45.2498 -0.184231 0.0923186 -0.978538 0 0 255
5.92308 -0.55491 45.4295 -0.212584 0.353489 -0.910963 0 0 227
6.41325 -0.571123 45.3936 -0.0521046 0.295412 -0.953948 0 0 205
9.87407 -2.5389 45.1091 0.108248 -0.241146 -0.964433 0 0 187
9.86036 -2.07885 44.9754 0.189052 -0.00498024 -0.981955 0 0 191
9.88641 -1.00844 45.2752 0.0718847 0.222798 -0.972211 0 0 250
9.88487 -0.560477 45.4382 0.0251781 0.298529 -0.954068 0 1 255
11.617 -0.903927 45.2495 0.0950578 0.32997 -0.939193 0 52 255
11.9845 -0.600117 45.6956 0.21466 0.301924 -0.92885 0 109 255
12.4418 -1.08145 45.4588 0.252891 0.407824 -0.87734 0 97 255
12.3825 -0.653152 45.6611 0.27552 0.334161 -0.901347 0 121 255
13.2416 -0.537004 45.9662 0.248621 0.337502 -0.907899 0 181 255
13.7944 -2.00127 45.3578 0.350558 0.237917 -0.905817 0 113 255
13.6544 -1.05321 45.7932 0.196576 0.421453 -0.885288 0 168 255
13.5729 -0.641156 46.0527 0.187661 0.349985 -0.917766 0 197 255
14.1257 -2.59068 45.3454 0.377339 0.0915281 -0.921541 0 109 255
14.0671 -1.57714 45.5896 0.263389 0.342795 -0.901731 0 153 255
14.0267 -1.17942 45.7418 0.176126 0.386084 -0.905494 0 173 255
14.6531 -1.99979 45.6466 0.399869 0.117528 -0.909006 0 165 255
14.3549 -0.584182 46.3629 -0.0120708 0.230622 -0.972968 15 249 231
14.789 -0.627101 46.2327 -0.00576582 0.25415 -0.967148 12 245 235
15.1231 -2.67488 46.2356 0.376415 0.0730993 -0.923563 0 221 254
15.2652 -1.60537 45.8658 0.303772 0.0455915 -0.951653 0 213 255
15.2501 -1.11298 45.9247 0.200231 0.0475826 -0.978593 0 221 254
15.2463 -0.638965 46.0788 0.0725393 0.131908 -0.988604 9 241 238
15.5596 -2.22393 46.9645 0.301146 -0.0843695 -0.949838 67 255 180
15.6421 -1.61456 46.0645 0.170206 -0.0638377 -0.983339 9 241 238
15.6818 -1.14118 45.9942 0.0475144 -0.0340682 -0.998289 9 241 238
15.7031 -0.63566 46.0071 -0.0581879 0.021431 -0.998076 12 245 235
15.9876 -2.6536 46.6352 0.330996 -0.0420519 -0.942695 44 255 202
16.0096 -2.21074 46.6124 0.176858 -0.16213 -0.970791 51 255 196
16.4052 -2.59991 46.4648 0.180999 -0.0779872 -0.980386 41 255 206
16.4357 -1.671 46.1945 -0.185132 -0.193903 -0.963394 35 255 212
16.4385 -1.15714 46.2224 -0.254213 -0.111445 -0.960706 41 255 206
16.4308 -0.654438 46.208 -0.155685 0.0111204 -0.987744 44 255 202
16.8817 -2.10795 46.0341 -0.107846 -0.339889 -0.934262 25 255 222
16.8735 -1.62572 46.0112 -0.129288 -0.235427 -0.963254 28 255 219
16.8751 -1.15079 45.9426 -0.146112 -0.10634 -0.983536 25 255 222
16.8859 -0.647639 45.9871 -0.218617 0.0117158 -0.975741 35 255 212
17.3251 -2.04572 45.7972 -0.0884261 -0.39885 -0.912743 15 249 231
17.3152 -1.63094 45.6065 -0.214502 -0.208983 -0.954104 2 232 244
17.2941 -1.16996 45.4541 -0.198082 -0.0506009 -0.978878 0 221 254
17.3236 -0.641609 45.6806 -0.158418 -0.00257788 -0.987369 15 249 231
18.0991 -2.13307 46.2167 -0.0280608 -0.573586 -0.818665 57 255 190
18.1238 -1.73934 46.0134 -0.0863582 -0.544676 -0.834188 44 255 202
18.5183 -1.59219 45.9386 -0.065555 -0.500718 -0.863124 41 255 206
18.5229 -1.20877 45.8275 -0.0649856 -0.197297 -0.978187 31 255 215
18.5224 -0.670734 45.6712 -0.0767917 0.0232568 -0.996776 22 255 225
18.8939 -2.34502 46.5484 0.0350329 -0.577076 -0.815939 90 255 157
19.3299 -2.26673 46.3109 -0.124437 -0.578291 -0.806285 77 255 170
19.7382 -1.76328 45.8455 0.0406032 -0.493412 -0.868848 38 255 209
19.7834 -1.2429 45.5074 0.198924 -0.264456 -0.943659 6 237 241
20.1512 -1.17598 45.4123 0.208717 -0.184245 -0.960464 0 225 251
20.1494 -0.670539 45.5507 0.174213 0.0353873 -0.984072 0 229 248
20.1814 -2.36271 46.7505 -0.0395178 -0.444755 -0.89478 115 255 131
20.5908 -2.18131 46.5332 0.012156 -0.338924 -0.940735 93 255 154
20.5962 -1.69505 46.5238 0.0649576 -0.297101 -0.952634 86 255 160
20.9648 -1.62188 46.3475 0.0954915 -0.222823 -0.970171 67 255 180
21.0085 -0.702606 45.9015 0.0832145 -0.212394 -0.973634 15 249 231
21.314 -1.09036 46.0708 0.156914 -0.240603 -0.957856 28 255 219
21.3243 -0.605832 46.0578 0.125866 -0.242685 -0.961905 19 253 228
21.8584 -2.24921 46.4597 -0.0665313 -0.0792848 -0.994629 67 255 180
21.8724 -1.74456 46.4597 0.0069549 -0.209474 -0.977789 57 255 190
22.2287 -2.21171 46.1611 -0.0606949 -0.0676685 -0.99586 35 255 212
22.2195 -1.67577 46.2974 -0.00825407 -0.162068 -0.986745 35 255 212
22.2507 -1.20307 46.0807 0.0064581 -0.2234 -0.974706 9 241 238
22.2804 -0.709776 45.999 0.00892684 -0.224575 -0.974416 0 221 254
22.5986 -0.618829 45.9471 0.0519155 -0.182962 -0.981748 0 200 255
23.1483 -2.33521 46.5631 0.0606839 -0.0759245 -0.995265 41 255 206
23.1531 -1.81575 46.5775 0.0429128 -0.102607 -0.993796 31 255 215
23.1631 -1.24187 46.5289 0.0679183 -0.160358 -0.98472 15 249 231
23.5074 -2.24383 46.1168 0.0464256 -0.120941 -0.991573 0 221 254
23.5104 -1.72287 46.1885 0.0443333 -0.121574 -0.991592 0 217 255
23.5142 -1.19824 46.2348 0.0468669 -0.162884 -0.985531 0 209 255
23.539 -0.71472 46.0563 0.0982583 -0.149862 -0.983812 0 177 255
23.8822 -0.684447 45.718 0.0941001 -0.126493 -0.987494 0 133 255
24.4748 -2.37497 46.521 0.107114 -0.135442 -0.984978 0 221 254
24.4676 -1.7754 46.6036 0.104451 -0.120868 -0.987158 0 213 255
24.4714 -1.31163 46.6352 0.117435 -0.106986 -0.987301 0 200 255
24.8103 -2.26629 46.171 0.124912 -0.141109 -0.982082 0 173 255
24.8124 -1.74325 46.2145 0.042761 -0.18135 -0.982489 0 161 255
24.7988 -1.20702 46.4224 0.0514189 -0.109653 -0.992639 0 165 255
24.8254 -0.70519 46.2421 0.085229 -0.0665095 -0.994139 0 133 255
25.8068 -2.31563 46.7251 0.0738926 -0.246605 -0.966295 0 173 255
25.8127 -1.78982 46.7312 0.142175 -0.139679 -0.979937 0 157 255
25.8172 -1.25921 46.7464 0.0659727 -0.138019 -0.98823 0 141 255
25.8216 -0.727716 46.764 0.0416405 -0.0993551 -0.99418 0 125 255
26.1814 -2.30653 46.1814 0.147168 -0.192821 -0.970135 0 109 255
26.1874 -1.84514 46.2031 0.119662 -0.175514 -0.977178 0 97 255
26.1881 -1.25241 46.2203 0.0489221 -0.167664 -0.98463 0 77 255
26.1915 -0.72518 46.2301 -0.0344928 -0.0969935 -0.994687 0 65 255
26.561 -1.24695 45.706 0.0489221 -0.167664 -0.98463 0 17 255
27.6286 -0.271952 46.3871 0.413895 -0.135387 -0.900201 0 0 246
28.352 -1.24898 47.5806 0.403858 -0.207218 -0.891044 0 57 255
28.3507 -2.40914 47.5598 0.41778 -0.194367 -0.887514 0 105 255
28.3509 -1.85998 47.577 0.445145 -0.233326 -0.864526 0 84 255
28.7658 -1.30286 47.1322 0.471837 -0.177078 -0.86372 0 1 255
-1.1768 1.92163 48.2157 -0.298609 -0.290824 -0.908985 0 0 223
1.2474 1.82585 47.4968 -0.30301 -0.245195 -0.920904 0 0 132
1.78338 0.465777 47.6718 -0.226343 -0.363587 -0.903644 0 0 150
1.73468 0.897303 47.5387 -0.26715 -0.311279 -0.911996 0 0 168
1.73078 1.32237 47.5141 -0.304985 -0.271361 -0.912879 0 0 173
1.7255 1.80914 47.4979 -0.32241 -0.256698 -0.91113 0 0 178
2.27928 0.450396 47.6891 -0.273251 -0.342718 -0.898821 0 0 191
2.2227 0.886506 47.5547 -0.278816 -0.356379 -0.891771 0 0 182
2.21088 1.3658 47.5144 -0.306339 -0.295387 -0.904933 0 0 164
2.19924 1.78499 47.4569 -0.303035 -0.24885 -0.919915 0 0 178
2.79842 1.47497 47.2824 -0.277819 -0.272208 -0.92126 0 0 182
2.72955 2.32308 46.8937 -0.282639 -0.286551 -0.915425 0 0 168
2.7363 0.410454 47.6268 -0.269541 -0.364097 -0.891505 0 0 168
2.69335 0.856516 47.4955 -0.25401 -0.345763 -0.903287 0 0 168
2.65944 1.80398 47.2607 -0.283925 -0.264593 -0.921616 0 0 196
3.3338 1.03162 47.2097 -0.232206 -0.347916 -0.908314 0 0 187
3.21099 0.31892 47.5586 -0.296591 -0.341839 -0.891729 0 0 178
3.128 1.27138 47.2031 -0.235657 -0.313086 -0.920023 0 0 178
3.12092 1.69285 47.0225 -0.260439 -0.285062 -0.922449 0 0 191
3.69285 1.38801 46.8053 -0.23881 -0.319159 -0.917119 0 0 187
3.68284 1.86206 46.7741 -0.229113 -0.198494 -0.952947 0 0 191
3.7255 -0.114756 47.6031 -0.468538 0.00895592 -0.883398 0 0 187
3.68927 0.371685 47.5296 -0.359629 -0.148626 -0.921183 0 0 200
3.62278 0.823608 47.3031 -0.268009 -0.30094 -0.915208 0 0 200
4.29156 0.903979 47.1294 -0.259886 -0.299591 -0.917989 0 0 218
4.1396 1.35947 46.6722 -0.223016 -0.307265 -0.925123 0 0 173
4.11957 1.82751 46.6102 -0.21914 -0.188303 -0.95735 0 0 191
4.13022 -0.110545 47.3971 -0.39849 0.0770337 -0.913932 0 0 200
4.16717 0.377417 47.4661 -0.312839 -0.100388 -0.944486 0 0 223
4.74734 1.89271 46.4811 -0.180709 -0.247548 -0.951874 0 0 214
4.70425 -0.171317 46.7412 -0.587024 0.326366 -0.74087 0 0 150
4.62392 1.29398 46.6349 -0.208142 -0.239248 -0.948387 0 0 200
4.61894 0.396925 47.3334 -0.278152 -0.172015 -0.945009 0 0 223
4.59247 0.856367 47.1942 -0.253005 -0.235046 -0.938478 0 0 227
5.08723 -0.0955872 46.5507 -0.549049 0.42931 -0.717104 0 0 168
5.2417 0.313637 46.9606 -0.479684 0.190363 -0.856543 0 0 209
5.14181 1.35025 46.7188 -0.146825 -0.231177 -0.961769 0 0 218
5.08142 1.8174 46.4912 -0.140095 -0.24832 -0.958494 0 0 237
5.08502 2.22256 46.437 -0.157532 -0.218378 -0.963065 0 0 223
5.06514 0.89471 46.9733 -0.219314 -0.199572 -0.955025 0 0 223
5.5291 -0.180972 45.7366 -0.359963 0.543134 -0.758572 0 0 205
5.70427 0.312762 46.9327 -0.440264 0.368079 -0.818954 0 0 232
5.65611 0.848281 46.8106 -0.317247 0.0726585 -0.945555 0 0 227
5.61312 1.35093 46.6528 -0.13229 -0.228721 -0.964461 0 0 237
5.59143 1.81789 46.5085 -0.105463 -0.241494 -0.964654 0 0 232
5.95912 -0.128191 45.5731 -0.255508 0.559482 -0.788476 0 0 187
6.12505 0.836603 46.7083 -0.211374 0.220893 -0.952117 0 0 232
6.08735 1.34116 46.534 -0.162559 -0.0711187 -0.984133 0 0 232
6.08374 1.82266 46.4906 -0.0739398 -0.196531 -0.977706 0 0 241
6.43431 -0.129262 45.5283 -0.118304 0.506795 -0.85391 0 0 168
6.49241 0.23338 45.775 -0.186716 0.531063 -0.826504 0 0 150
6.56042 0.851639 46.4002 -0.235405 0.268679 -0.934021 0 0 218
6.57232 1.33591 46.4599 -0.192856 0.0147246 -0.981117 0 0 246
6.5759 1.8244 46.4755 -0.117061 -0.0783672 -0.990028 0 0 255
6.98945 0.432496 46.1041 -0.196129 0.447668 -0.872426 0 0 209
7.03919 0.856641 46.3086 -0.187628 0.29668 -0.936363 0 0 237
7.06359 1.32675 46.4054 -0.199593 0.113623 -0.973269 0 0 255
7.07304 1.8209 46.4693 -0.151624 0.0132023 -0.98835 0 4 255
7.42776 0.0187667 45.8534 -0.0996045 0.457343 -0.883695 0 0 191
7.48255 0.401118 46.0777 -0.150256 0.427022 -0.89167 0 0 223
7.51577 0.802439 46.1927 -0.200548 0.306583 -0.930477 0 0 241
7.5464 1.26132 46.303 -0.217995 0.174582 -0.960208 0 0 255
7.52612 1.85045 46.4099 -0.180409 0.0295306 -0.983148 0 20 255
7.89982 0.00511548 45.7429 -0.131411 0.43559 -0.890501 0 0 205
7.9866 0.842995 46.078 -0.222904 0.224592 -0.948616 0 0 255
8.01679 1.32695 46.1705 -0.231988 0.179889 -0.95594 0 1 255
8.03471 1.80806 46.2257 -0.238869 0.0570201 -0.969376 0 17 255
8.37308 0.00653281 45.5434 -0.13995 0.421971 -0.895742 0 0 227
8.4584 0.847257 45.9382 -0.211281 0.224468 -0.951301 0 0 255
8.48872 1.32723 46.0296 -0.226174 0.168445 -0.959412 0 17 255
8.49794 1.80745 46.053 -0.255092 0.0425999 -0.965978 0 29 255
8.91441 0.387664 45.7011 -0.117328 0.321988 -0.939445 0 0 255
8.95444 0.847729 45.8633 -0.169421 0.189893 -0.967076 0 13 255
8.97256 1.32024 45.9371 -0.206764 0.132453 -0.969384 0 25 255
8.97691 1.80309 45.9378 -0.27196 0.0156392 -0.962181 0 33 255
9.39693 -0.064879 45.5189 -0.0547262 0.35267 -0.934146 0 0 255
9.41842 0.373168 45.6812 -0.08938 0.250484 -0.963986 0 9 255
9.44477 0.832653 45.8166 -0.151039 0.160963 -0.975335 0 29 255
9.46827 1.2472 45.8743 -0.214403 0.0783946 -0.973594 0 41 255
9.46535 1.79931 45.8547 -0.287584 -0.0140895 -0.957652 0 41 255
9.89293 -0.112159 45.547 -0.0454389 0.256086 -0.965585 0 17 255
9.90507 0.351873 45.6329 -0.123724 0.202522 -0.97143 0 29 255
9.92845 0.817515 45.7138 -0.201995 0.103241 -0.97393 0 41 255
9.9415 1.7948 45.7121 -0.302379 -0.0887378 -0.949048 0 49 255
9.89922 1.35535 45.7724 -0.251748 -0.0270454 -0.967415 0 49 255
10.3736 0.343623 45.5022 -0.167247 0.141707 -0.975678 0 36 255
10.4075 0.820069 45.5609 -0.144735 0.0784659 -0.986354 0 45 255
10.3912 1.31364 45.5554 -0.246748 -0.0498612 -0.967796 0 49 255
10.3913 1.79325 45.5072 -0.320946 -0.212891 -0.92286 0 45 255
10.8933 0.857428 45.5203 0.0161621 -0.0154972 -0.999749 0 61 255
11.5533 0.315189 45.8057 0.135654 0.103652 -0.985319 0 109 255
11.5856 1.59229 45.5411 0.10681 -0.315558 -0.942876 0 89 255
11.9677 -0.136546 45.8057 0.27543 0.157559 -0.948321 0 125 255
11.9727 0.352999 45.7983 0.218399 0.066702 -0.973577 0 129 255
11.9683 0.776698 45.8139 0.172215 -0.115797 -0.978229 0 129 255
11.9986 1.31516 45.7463 0.151137 -0.210742 -0.965787 0 125 255
12.0394 1.7651 45.6213 0.225301 -0.301135 -0.926584 0 116 255
12.3797 -0.167425 45.7005 0.335878 0.204655 -0.919403 0 129 255
12.3848 0.277021 45.6933 0.31682 0.064794 -0.94627 0 129 255
12.4064 0.779402 45.653 0.21601 -0.116564 -0.969408 0 129 255
12.4256 1.33144 45.6399 0.195458 -0.210229 -0.957915 0 133 255
12.4486 1.80041 45.5769 0.227024 -0.291445 -0.929258 0 129 255
13.2363 -0.110431 46.0979 0.243023 0.0872227 -0.966091 0 197 255
13.207 0.817406 46.0969 0.199094 -0.185804 -0.962205 0 197 255
13.2876 1.76444 45.8581 0.127185 -0.253008 -0.959068 0 177 255
13.5473 -0.263569 46.4398 0.190947 0.157425 -0.968895 6 237 241
13.5554 0.398414 46.6102 0.168637 -0.129639 -0.977116 22 255 225
13.61 1.34335 46.0522 0.130206 -0.279946 -0.951145 0 205 255
13.6407 1.79601 45.931 0.112062 -0.286567 -0.951484 0 193 255
14.0559 0.914343 46.0843 0.0680467 -0.204939 -0.976406 0 217 255
14.0722 1.36518 45.866 0.0612315 -0.298446 -0.95246 0 197 255
14.0745 1.81505 45.7464 0.0764399 -0.298441 -0.951362 0 181 255
14.321 -0.126179 46.4304 0.00615234 0.0847778 -0.996381 22 255 225
14.2981 0.336348 46.4126 0.0127873 -0.0319695 -0.999407 19 253 228
14.5135 1.44775 45.7042 -0.0365122 -0.28813 -0.956895 0 189 255
14.7969 -0.142254 46.3267 -0.0594687 0.14157 -0.98814 22 255 225
14.7991 0.353024 46.3492 -0.0698243 -0.101334 -0.992399 25 255 222
14.7977 0.814339 46.2123 -0.0769768 -0.198527 -0.977068 15 249 231
15.2636 -0.14074 46.1661 -0.0350738 0.0477087 -0.998245 19 253 228
15.2692 0.358627 46.1765 -0.0911928 -0.111892 -0.989527 22 255 225
15.262 0.843817 46.0989 -0.100446 -0.19152 -0.976335 15 249 231
15.264 1.31921 46.0353 -0.109972 -0.265355 -0.957859 9 241 238
15.7249 0.376613 46.0171 -0.15479 -0.0975682 -0.983118 19 253 228
15.7284 0.877402 45.987 -0.137762 -0.197738 -0.970526 15 249 231
15.7244 1.36528 45.9476 -0.131358 -0.27027 -0.953781 12 245 235
15.716 1.8403 45.8336 -0.100196 -0.266931 -0.958493 2 232 244
15.9301 -0.165411 46.1234 -0.13388 -0.0273906 -0.990619 31 255 215
16.4214 -0.159369 46.1591 -0.167783 -0.026378 -0.985471 44 255 202
16.4202 0.816079 46.0089 -0.137723 -0.201522 -0.969753 35 255 212
16.4194 1.26095 45.7479 -0.16071 -0.245543 -0.955971 12 245 235
16.9006 -0.149214 46.0436 -0.208966 -0.0183951 -0.97775 41 255 206
16.8982 0.347629 45.9939 -0.125221 -0.043818 -0.991161 41 255 206
16.8919 0.832974 45.9064 -0.0355178 -0.149038 -0.988193 31 255 215
17.3369 -0.149375 45.8043 -0.1748 0.0251145 -0.984284 28 255 219
17.33 0.350784 45.8556 -0.113546 0.0330387 -0.992983 31 255 215
17.3382 0.844547 45.7622 0.0246273 -0.0810451 -0.996406 19 253 228
17.3379 1.33554 45.6925 0.104839 -0.183078 -0.977492 9 241 238
17.3505 1.86561 45.5851 0.131022 -0.231501 -0.963971 0 225 251
18.1527 0.346229 45.9204 -0.0819718 0.158907 -0.983885 35 255 212
18.1335 1.33481 46.0437 0.00903716 -0.0964033 -0.995301 35 255 212
18.1599 1.82785 46.1098 -0.00230321 -0.147046 -0.989127 28 255 219
18.5365 0.344944 45.8054 -0.0361516 0.174024 -0.984078 25 255 222
18.5513 0.841701 45.9048 -0.0379891 0.053572 -0.997841 28 255 219
18.544 1.34639 45.9813 -0.0443576 -0.103096 -0.993682 25 255 222
18.5592 1.86973 46.0249 -0.0972583 -0.185364 -0.977845 15 249 231
18.949 0.325716 45.5716 -0.0462294 0.127533 -0.990756 2 232 244
18.9608 0.821819 45.7095 -0.0539705 0.0486147 -0.997358 6 237 241
19.4393 1.34544 45.6748 -0.102753 -0.154249 -0.982674 0 209 255
19.7854 -0.16204 45.7196 0.0820926 0.0970209 -0.991891 9 241 238
19.7768 0.341057 45.9429 0.0603807 0.0885146 -0.994243 22 255 225
19.7759 0.849151 45.9402 -0.0406112 -0.0784455 -0.996091 12 245 235
20.1246 0.336803 45.9339 0.0310844 0.0799377 -0.996315 12 245 235
20.1451 0.834474 45.79 -0.00657275 -0.064291 -0.99791 0 221 254
20.6408 -0.179119 46.2935 0.117299 -0.109914 -0.986995 41 255 206
21.0122 -0.174005 46.0106 0.0356074 -0.15179 -0.987771 12 245 235
21.0432 1.33572 45.7063 0.041799 -0.174475 -0.983774 0 168 255
21.0452 1.89675 45.9492 0.108016 -0.142992 -0.983812 0 168 255
21.3744 -0.164139 45.644 0.0644826 -0.144615 -0.987385 0 205 255
21.4046 0.333555 45.5614 0.0228441 -0.108661 -0.993816 0 177 255
21.4194 0.887121 45.355 -0.0355399 -0.173164 -0.984251 0 141 255
21.4157 1.3985 45.5202 0.0934968 -0.0933466 -0.991234 0 136 255
21.4078 1.91939 45.652 0.130675 -0.109761 -0.985331 0 125 255
22.2751 -0.21081 45.9326 0.048669 -0.249065 -0.967263 0 197 255
22.2763 0.828566 45.9105 0.122488 -0.052642 -0.991073 0 157 255
22.6072 -0.131333 45.9172 0.0953422 -0.209603 -0.973127 0 185 255
22.6091 0.376271 45.9678 0.118617 -0.166295 -0.978916 0 168 255
22.6202 0.861914 45.8416 0.11872 -0.0322767 -0.992403 0 136 255
22.6648 1.40788 45.5156 0.113057 -0.0618325 -0.991663 0 84 255
23.5441 -0.196014 46.057 0.143265 -0.173968 -0.974274 0 157 255
23.5433 0.330283 46.1227 0.155065 -0.137386 -0.978305 0 141 255
23.5444 0.851516 46.1541 0.130839 -0.0907549 -0.987241 0 125 255
23.5911 1.92693 45.8565 0.0603673 -0.213526 -0.975071 0 49 255
23.8909 -0.10952 45.7353 0.137535 -0.133088 -0.981515 0 113 255
23.8552 0.900168 46.0374 0.079247 -0.0854665 -0.993184 0 97 255
23.8743 1.45943 45.9908 0.0493429 -0.160166 -0.985856 0 68 255
23.889 1.9732 45.8852 0.0512824 -0.197453 -0.97897 0 33 255
24.8437 -0.191654 46.1563 0.109934 -0.140668 -0.983934 0 109 255
24.8422 0.405064 46.2637 0.0898515 -0.16003 -0.983014 0 89 255
24.859 0.917977 46.1992 0.0723857 -0.12333 -0.989722 0 61 255
24.8686 1.4367 46.1717 0.129114 -0.235163 -0.963342 0 33 255
24.8777 1.95451 46.1417 0.111039 -0.219412 -0.969293 0 13 255
25.2184 1.43729 45.7317 0.0804281 -0.204412 -0.975575 0 0 255
25.227 1.95452 45.709 0.0828343 -0.249103 -0.964928 0 0 227
25.826 -0.196039 46.7806 0.0341866 -0.157452 -0.986935 0 100 255
25.837 0.400534 46.7987 0.105038 -0.102674 -0.989154 0 77 255
26.1957 -0.19749 46.2415 0.0179479 -0.0851241 -0.996209 0 45 255
26.1994 0.331795 46.2666 0.134074 -0.068903 -0.988573 0 20 255
26.214 0.9224 46.2621 0.202361 -0.0622382 -0.977331 0 0 255
26.2251 1.44836 46.2388 0.259523 -0.0521318 -0.964329 0 0 241
26.2483 1.97562 46.2053 0.240224 -0.0644771 -0.968574 0 0 205
26.5653 0.261289 45.7221 0.137802 -0.0592655 -0.988685 0 0 232
26.5856 0.913949 45.7533 0.200761 -0.0230704 -0.979369 0 0 205
26.5927 1.43858 45.759 0.245066 -0.0685491 -0.96708 0 0 173
27.244 -0.205159 46.8924 0.413895 -0.135387 -0.900201 0 29 255
27.2827 2.01304 46.9152 0.413259 -0.0491369 -0.909287 0 0 196
27.5746 1.4621 46.5922 0.394635 -0.0759809 -0.915691 0 0 182
27.551 1.99497 46.6398 0.432868 -0.0683927 -0.898859 0 0 164
28.646 0.88332 47.2026 0.485832 -0.0122466 -0.873966 0 0 187
28.7005 0.330177 47.2586 0.474257 -0.0903258 -0.875741 0 0 209
28.7337 0.943309 47.2533 0.493973 -0.0128893 -0.869382 0 0 182
28.7775 2.03642 47.2299 0.474774 -0.028072 -0.87966 0 0 164
28.7765 1.55763 47.2532 0.496361 -0.023533 -0.867797 0 0 164
-2.68611 4.39938 47.6937 -0.206675 -0.350283 -0.913558 0 4 255
-2.20624 3.89478 47.8361 -0.180121 -0.370162 -0.911338 0 0 246
-2.24364 4.33062 47.655 -0.208318 -0.380651 -0.900949 0 0 246
-1.6846 2.91909 48.0705 -0.259546 -0.304514 -0.916464 0 0 227
-1.72824 3.37114 47.9254 -0.252215 -0.316465 -0.91446 0 0 232
-1.74767 3.8425 47.831 -0.246866 -0.344838 -0.905618 0 0 218
-1.76183 4.32105 47.7547 -0.229666 -0.385767 -0.893553 0 0 200
-1.21861 2.37836 48.0919 -0.299559 -0.286112 -0.910167 0 0 223
-1.24957 2.84634 47.9876 -0.293469 -0.285578 -0.912316 0 0 205
-1.27623 3.81285 47.8665 -0.251022 -0.313818 -0.9157 0 0 187
-1.29134 4.29013 47.7894 -0.1932 -0.342602 -0.919401 0 0 178
-0.127845 3.41394 47.5716 -0.230115 -0.232391 -0.945009 0 0 182
-0.208282 4.32403 47.2942 -0.24722 -0.317563 -0.915443 0 0 159
0.280822 3.32259 47.3918 -0.26135 -0.237659 -0.935529 0 0 159
0.270837 3.81043 47.3501 -0.27526 -0.255347 -0.926839 0 0 150
0.255619 4.35184 47.2946 -0.307286 -0.32035 -0.896075 0 0 168
0.811778 2.36965 47.5887 -0.279516 -0.270377 -0.921286 0 0 150
0.774469 2.82777 47.4775 -0.30726 -0.242307 -0.92026 0 0 141
0.730672 3.28395 47.3399 -0.340145 -0.236001 -0.910277 0 0 168
0.719335 3.76651 47.2928 -0.341664 -0.280751 -0.896908 0 0 150
0.723784 4.26603 47.298 -0.346614 -0.324464 -0.880103 0 0 196
1.29241 4.8083 46.733 -0.356346 -0.452738 -0.81734 0 0 182
1.25494 2.32256 47.5095 -0.319074 -0.257205 -0.912161 0 0 155
1.21352 2.84487 47.3968 -0.351736 -0.264832 -0.897856 0 0 173
1.2017 3.26638 47.3445 -0.37762 -0.263 -0.887825 0 0 168
1.17816 3.73573 47.2571 -0.372928 -0.277935 -0.885255 0 0 200
1.1711 4.20943 47.184 -0.362382 -0.287909 -0.886447 0 0 227
1.76147 3.862 46.7327 -0.352639 -0.289956 -0.889703 0 0 187
1.72846 4.30398 46.5925 -0.335607 -0.35898 -0.87092 0 0 168
1.67366 4.652 46.3648 -0.240268 -0.383615 -0.89169 0 0 141
1.70154 2.34486 47.4338 -0.327509 -0.283612 -0.901278 0 0 168
1.6734 2.81321 47.3365 -0.340853 -0.29469 -0.892736 0 0 178
1.63639 3.2666 47.2075 -0.373186 -0.285602 -0.882702 0 0 178
2.23944 2.87042 46.7983 -0.277874 -0.332993 -0.901056 0 0 164
2.19654 3.31428 46.6429 -0.254067 -0.319496 -0.912892 0 0 159
2.18416 3.71684 46.5434 -0.24659 -0.319855 -0.914815 0 0 155
2.15716 4.33476 46.4135 -0.166338 -0.316112 -0.934026 0 0 178
2.16741 2.30785 47.2923 -0.287184 -0.263315 -0.920972 0 0 182
2.69091 4.77222 46.2937 0.023188 -0.205347 -0.978414 0 0 187
2.6781 2.81854 46.67 -0.182323 -0.294254 -0.938175 0 0 164
2.66172 3.27955 46.5566 -0.120221 -0.304268 -0.94497 0 0 178
2.66019 3.69552 46.5035 -0.066747 -0.25821 -0.96378 0 0 168
2.63949 4.14692 46.4055 -0.0590314 -0.243097 -0.968204 0 0 196
3.23874 4.38339 46.4198 -0.0897507 -0.250945 -0.963832 0 0 214
3.20249 2.36478 46.8321 -0.187191 -0.209943 -0.959627 0 0 196
3.20335 2.8536 46.835 -0.120485 -0.211439 -0.969937 0 0 200
3.18198 3.31695 46.7227 -0.0630176 -0.212296 -0.975171 0 0 214
3.14359 3.75469 46.5543 -0.021181 -0.216197 -0.97612 0 0 209
3.1512 4.66065 46.3697 -0.0218856 -0.197086 -0.980142 0 0 214
3.69525 2.36088 46.832 -0.226548 -0.128416 -0.965497 0 0 214
3.66326 3.79627 46.672 -0.132037 -0.236475 -0.962625 0 0 241
3.62389 4.65632 46.4219 -0.24601 -0.215252 -0.945064 0 0 250
3.54927 2.64786 46.8583 -0.187369 -0.160506 -0.969088 0 0 227
3.55377 3.115 46.9078 -0.0932347 -0.180412 -0.979162 0 0 237
4.14751 2.32788 46.6794 -0.224852 -0.114056 -0.967695 0 0 209
4.17636 2.83608 46.7619 -0.245751 -0.123381 -0.961449 0 0 237
4.17567 3.32449 46.7501 -0.277546 -0.186823 -0.942372 0 0 255
4.13581 3.76833 46.573 -0.259414 -0.277665 -0.92499 0 0 250
4.09791 4.22069 46.4232 -0.303535 -0.296523 -0.905506 0 0 255
4.68407 3.80362 46.0316 -0.388713 -0.311932 -0.866949 0 0 223
4.62042 4.22867 45.8417 -0.384915 -0.263101 -0.884657 0 0 227
4.57844 4.67159 45.7252 -0.346746 -0.182902 -0.919953 0 0 218
4.5933 2.29034 46.5063 -0.225891 -0.179994 -0.957379 0 0 209
4.60729 2.78697 46.5485 -0.271217 -0.13394 -0.953153 0 0 232
4.58658 3.25829 46.48 -0.341908 -0.2325 -0.910518 0 0 246
5.13413 3.33714 46.0816 -0.266356 -0.347648 -0.898997 0 0 223
5.0483 4.19394 45.7 -0.277551 -0.255065 -0.926233 0 0 209
5.03088 4.66537 45.6371 -0.248876 -0.153465 -0.9563 0 0 209
5.05971 2.75945 46.3796 -0.231665 -0.258296 -0.937878 0 0 227
4.90363 3.63315 45.9931 -0.36148 -0.310562 -0.879138 0 0 218
5.60628 2.83418 46.2126 -0.0871857 -0.341586 -0.935798 0 0 232
5.527 3.72149 45.687 -0.0764499 -0.334523 -0.939282 0 0 205
5.49765 4.18216 45.5714 -0.0336856 -0.231183 -0.972327 0 0 205
5.52239 4.641 45.595 -0.0866637 -0.162631 -0.982874 0 0 214
5.57097 2.28721 46.3956 -0.107815 -0.22675 -0.967967 0 0 227
5.51277 3.17329 46.0294 -0.148776 -0.349689 -0.924977 0 0 214
6.0019 3.3109 45.8553 0.00955798 -0.353169 -0.935511 0 0 218
5.98206 3.72298 45.6252 0.0361657 -0.317013 -0.947731 0 0 205
6.08158 2.29576 46.4185 -0.0231776 -0.236729 -0.971299 0 0 255
6.06681 2.75612 46.2515 -0.0023328 -0.300527 -0.953771 0 0 241
6.44781 3.79951 45.7748 0.139242 -0.30095 -0.94342 0 0 232
6.5736 2.30646 46.4327 -0.0213295 -0.14623 -0.989021 0 0 255
6.57341 2.77254 46.3236 0.0476854 -0.244446 -0.96849 0 1 255
6.56067 3.23699 46.1218 0.148213 -0.29606 -0.9436 0 0 255
6.5888 4.05008 45.8291 0.188799 -0.295269 -0.936574 0 0 246
7.06715 2.31318 46.439 -0.0915469 -0.0478238 -0.994652 0 9 255
7.06027 2.78541 46.3296 0.0212782 -0.17513 -0.984315 0 13 255
7.04986 3.26944 46.2414 0.0966559 -0.225971 -0.969327 0 13 255
7.05816 4.19402 46.004 0.136186 -0.340873 -0.930193 0 9 255
7.56349 2.30286 46.3768 -0.15894 -0.0122875 -0.987212 0 29 255
7.55177 2.78867 46.3067 -0.109046 -0.0793018 -0.990868 0 29 255
7.55288 3.27437 46.289 -0.0409787 -0.156264 -0.986865 0 36 255
7.55708 3.77009 46.301 -0.0200179 -0.245737 -0.96913 0 45 255
7.55402 4.21129 46.1351 0.0172808 -0.331829 -0.943181 0 29 255
7.54322 4.63748 45.8394 -0.000701233 -0.430488 -0.902596 0 9 255
8.03516 2.29616 46.2155 -0.24146 0.0152065 -0.970292 0 25 255
8.03651 2.78212 46.2062 -0.236126 -0.0232539 -0.971444 0 29 255
8.05294 3.27804 46.2429 -0.161439 -0.113364 -0.98035 0 45 255
8.04943 4.2353 46.1535 -0.108026 -0.338311 -0.934813 0 36 255
7.9928 3.72554 46.292 -0.104118 -0.199619 -0.974326 0 49 255
8.50541 2.29052 46.0648 -0.273285 0.0186792 -0.961752 0 29 255
8.50878 2.77424 46.056 -0.308142 -0.0234196 -0.951052 0 29 255
8.52723 3.26343 46.0932 -0.288816 -0.0757932 -0.95438 0 36 255
8.53584 3.75289 46.0899 -0.258358 -0.174654 -0.95013 0 41 255
8.51854 4.22622 46.0064 -0.20567 -0.325852 -0.922779 0 33 255
8.43643 4.65796 45.6875 -0.206765 -0.411905 -0.887459 0 9 255
8.97539 2.28535 45.9148 -0.319642 -0.0418266 -0.946615 0 33 255
8.97551 2.7666 45.8964 -0.369264 -0.0566471 -0.927596 0 33 255
8.9789 3.24865 45.8857 -0.390235 -0.0812724 -0.917121 0 25 255
8.97443 3.7874 45.8536 -0.361466 -0.1561 -0.919225 0 20 255
8.94096 4.65596 45.6613 -0.201196 -0.372076 -0.906135 0 17 255
9.45053 2.28014 45.7813 -0.352262 -0.0956163 -0.931004 0 36 255
9.43222 2.75683 45.7079 -0.393206 -0.112167 -0.912583 0 29 255
9.39285 3.71318 45.5621 -0.382338 -0.106941 -0.917813 0 4 255
9.41962 4.19166 45.5957 -0.300062 -0.169331 -0.93877 0 9 255
9.41495 4.67618 45.5636 -0.193173 -0.257791 -0.946693 0 4 255
9.92063 2.27465 45.6296 -0.382692 -0.153355 -0.911059 0 36 255
9.87334 2.74381 45.4604 -0.411818 -0.117378 -0.903675 0 20 255
9.86354 4.24556 45.3879 -0.301961 -0.0966782 -0.948406 0 4 255
10.3689 2.26146 45.4032 -0.351468 -0.214414 -0.911316 0 33 255
10.3337 2.73081 45.2868 -0.398136 -0.122997 -0.909043 0 20 255
12.4938 2.24143 45.4127 0.286534 -0.324638 -0.901392 0 113 255
12.5696 2.67133 45.2926 0.269323 -0.332359 -0.903882 0 105 255
13.6712 2.23874 45.7943 0.103313 -0.220694 -0.969856 0 177 255
13.7066 3.18471 45.5911 0.145348 -0.258744 -0.954948 0 149 255
13.8613 4.47147 45.2313 0.0242574 -0.2926 -0.955927 0 97 255
14.0699 3.21797 45.5365 0.0582624 -0.234312 -0.970414 0 153 255
14.1149 3.79328 45.6259 0.093765 -0.295786 -0.950641 0 153 255
14.5202 2.79725 45.3281 -0.000729052 -0.187422 -0.982279 0 149 255
14.8869 2.21361 45.6869 -0.0458681 -0.241268 -0.969374 0 200 255
15.2932 2.36044 45.962 -0.116862 -0.224891 -0.967351 2 232 244
15.7273 3.26661 45.6345 -0.1395 -0.182866 -0.97319 0 193 255
15.7511 3.77237 45.5238 -0.0813821 -0.204501 -0.975477 0 165 255
16.1508 2.35446 45.4189 -0.0823566 -0.226511 -0.970521 0 197 255
17.3639 2.3271 45.4512 0.168322 -0.234899 -0.957335 0 200 255
17.3704 2.77704 45.2659 0.12713 -0.230173 -0.96481 0 168 255
17.3456 4.26031 45.2061 -0.0538725 -0.218075 -0.974444 0 113 255
18.5602 2.35736 45.9116 -0.140945 -0.265566 -0.953734 0 221 254
18.5615 2.87332 45.761 -0.19851 -0.338064 -0.919949 0 189 255
18.552 3.31563 45.5676 -0.219043 -0.368219 -0.903568 0 157 255
18.9866 2.40953 45.5175 -0.157535 -0.307604 -0.938383 0 177 255
20.1738 2.25108 45.2656 -0.0404725 -0.337975 -0.940284 0 121 255
20.1718 2.70456 45.0344 0.0278024 -0.423261 -0.905581 0 84 255
21.4053 2.44615 45.6936 0.112937 -0.207 -0.9718 0 109 255
21.4343 2.88685 45.4845 0.149519 -0.324488 -0.933998 0 68 255
21.4297 3.40679 45.5118 0.188386 -0.433672 -0.881158 0 52 255
21.4351 3.85855 45.3759 0.150714 -0.415634 -0.896958 0 20 255
21.4462 4.32938 45.1645 0.0632678 -0.28123 -0.957553 0 0 255
22.2879 2.46515 46.1744 0.0461812 -0.205746 -0.977515 0 116 255
22.3069 2.90803 45.9576 0.00628393 -0.297837 -0.954596 0 84 255
22.6188 2.45216 46.0243 -0.00193931 -0.261315 -0.965252 0 84 255
22.6682 2.92553 45.5604 0.0200583 -0.287415 -0.957596 0 36 255
22.7569 4.24366 44.8365 0.200568 -0.286838 -0.936748 0 0 159
23.959 2.42048 45.4493 0.0761899 -0.175022 -0.981612 0 0 250
23.9862 2.90323 45.3216 0.118685 -0.229589 -0.966024 0 0 214
23.9933 3.40958 45.2778 0.164671 -0.21801 -0.961954 0 0 178
24.0106 4.01288 45.411 0.253211 -0.102186 -0.961999 0 0 182
24.8869 2.47371 46.1116 0.117788 -0.191944 -0.974312 0 0 255
24.8879 3.53288 46.1573 0.153821 -0.137675 -0.97846 0 0 200
24.9212 4.11928 46.1403 0.231008 -0.085839 -0.969158 0 0 168
25.2332 2.47401 45.7027 0.0909157 -0.158735 -0.983126 0 0 205
25.2345 2.99735 45.719 0.121992 -0.154596 -0.980417 0 0 173
25.264 4.5459 45.5954 0.247703 -0.0614078 -0.966888 0 0 187
25.2773 3.56722 45.6356 0.191633 -0.117658 -0.974389 0 0 150
25.2952 4.08415 45.5813 0.218454 -0.0612685 -0.973922 0 0 173
26.2456 2.50476 46.2169 0.270769 -0.0898409 -0.958443 0 0 187
26.6287 3.53934 45.7333 0.335623 -0.0982314 -0.936861 0 0 209
26.6641 4.13386 45.7633 0.331981 -0.116073 -0.936117 0 0 241
27.2866 2.55163 46.9189 0.4224 -0.0401773 -0.905519 0 0 173
27.3187 3.15912 46.9454 0.420657 -0.0652604 -0.90487 0 0 137
27.3314 4.71023 46.8707 0.497127 0.0289934 -0.867193 0 0 241
27.6846 2.53355 46.4179 0.428258 -0.0379591 -0.902859 0 0 164
27.6063 3.06704 46.5561 0.456032 -0.0547212 -0.88828 0 0 187
27.7301 3.67511 46.4525 0.452454 -0.0681597 -0.889179 0 0 223
27.7211 4.21179 46.4942 0.504127 -0.0251731 -0.863262 0 0 255
28.7999 2.58469 47.2173 0.478331 -0.0334408 -0.877543 0 0 214
28.801 3.1307 47.2393 0.485153 -0.0386277 -0.873576 0 0 223
28.8414 3.67981 47.2014 0.489485 -0.013522 -0.871907 0 0 255
28.9039 4.30057 47.2275 0.510699 0.0111178 -0.859688 0 17 255
-5.14173 6.88075 47.6568 -0.312481 -0.253914 -0.91536 0 77 255
-4.74279 6.90783 47.6755 -0.320512 -0.257218 -0.911653 0 49 255
-4.70933 6.43042 47.7914 -0.318016 -0.31221 -0.895204 0 52 255
-4.65448 5.97512 47.9488 -0.318364 -0.341748 -0.884224 0 52 255
-4.32117 6.81584 47.7214 -0.358179 -0.262886 -0.895879 0 25 255
-4.30167 6.32047 47.8104 -0.368794 -0.321716 -0.872061 0 29 255
-4.28364 5.8918 47.8822 -0.397209 -0.327687 -0.857231 0 33 255
-4.21757 5.44212 48.0673 -0.369446 -0.321 -0.872048 0 29 255
-4.18502 4.95964 48.1563 -0.392206 -0.33065 -0.858397 0 45 255
-3.53523 5.9453 47.5139 -0.355915 -0.313472 -0.880375 0 13 255
-3.64919 6.76286 47.1467 -0.33779 -0.265896 -0.902883 0 25 255
-3.11725 4.94251 47.6515 -0.291066 -0.37375 -0.880677 0 20 255
-3.19217 5.83086 47.325 -0.348177 -0.336393 -0.874993 0 9 255
-3.23888 6.28933 47.1666 -0.345182 -0.298988 -0.889638 0 20 255
-3.27152 6.76652 47.0459 -0.344016 -0.236812 -0.908611 0 13 255
-2.72403 4.83252 47.5063 -0.258108 -0.394826 -0.881755 0 1 255
-2.75017 5.29351 47.3831 -0.303339 -0.368032 -0.878941 0 9 255
-2.77068 5.77971 47.3091 -0.304522 -0.33546 -0.891478 0 0 255
-2.83434 6.73937 47.065 -0.295901 -0.25837 -0.919613 0 0 255
-2.26255 4.79957 47.555 -0.253973 -0.395035 -0.882862 0 0 237
-2.27478 5.28286 47.4876 -0.247236 -0.386766 -0.888418 0 0 232
-2.31165 5.7471 47.3557 -0.238718 -0.338233 -0.910281 0 0 227
-2.09962 6.31735 46.8865 -0.210748 -0.284738 -0.935152 0 0 241
-2.14646 7.22876 46.6428 -0.243738 -0.229492 -0.942298 0 0 241
-1.76343 4.81897 47.7288 -0.197575 -0.39238 -0.898333 0 0 191
-1.6899 6.24731 46.7827 -0.205862 -0.323817 -0.923452 0 0 227
-1.69347 6.7328 46.7332 -0.243997 -0.273597 -0.930382 0 0 214
-1.23205 5.72564 46.8324 -0.217068 -0.3847 -0.897155 0 0 209
-1.24526 6.20048 46.7511 -0.267267 -0.334499 -0.903703 0 0 200
-1.24574 6.68798 46.7023 -0.278065 -0.308765 -0.909584 0 0 214
-0.686399 4.84546 47.2384 -0.188933 -0.386398 -0.902774 0 0 187
-0.721532 5.27852 47.0715 -0.230499 -0.436368 -0.869743 0 0 191
-0.79615 6.15556 46.7159 -0.308523 -0.369565 -0.87649 0 0 187
-0.502545 5.98646 46.7475 -0.288781 -0.407614 -0.866289 0 0 164
-0.610298 6.71602 46.4476 -0.294339 -0.278368 -0.914263 0 0 200
-0.22199 4.80082 47.2246 -0.247156 -0.387385 -0.888171 0 0 146
-0.249134 5.26398 47.128 -0.266122 -0.450601 -0.852137 0 0 150
-0.298614 5.67604 46.8985 -0.270513 -0.437846 -0.857388 0 0 159
-0.351025 6.10053 46.6328 -0.279746 -0.393211 -0.875858 0 0 168
-0.195112 6.65031 46.2413 -0.253404 -0.210478 -0.944185 0 0 209
-0.229971 7.10009 46.0718 -0.176214 -0.179291 -0.967886 0 0 205
0.30795 5.7397 46.4723 -0.331942 -0.425312 -0.841976 0 0 155
0.258407 6.14495 46.2372 -0.28157 -0.307357 -0.908983 0 0 173
0.240542 4.77006 47.2334 -0.306424 -0.379236 -0.873089 0 0 150
0.237237 6.60924 46.0922 -0.17527 -0.172409 -0.969307 0 0 196
0.218498 5.2077 47.0672 -0.337111 -0.473142 -0.813937 0 0 146
0.235923 7.08947 45.9951 -0.0586404 -0.102454 -0.993008 0 0 178
0.802392 5.27766 46.6341 -0.381465 -0.438948 -0.813516 0 0 150
0.713382 5.63503 46.2317 -0.333317 -0.364832 -0.869366 0 0 173
0.677199 6.08728 46.014 -0.252769 -0.238011 -0.937795 0 0 173
0.729054 7.04428 46.1198 0.0192561 -0.0498316 -0.998572 0 0 146
0.702932 4.729 47.1906 -0.324933 -0.375336 -0.868068 0 0 178
1.13809 6.05329 45.9304 -0.025954 -0.0517079 -0.998325 0 0 173
1.1986 6.60193 46.1826 0.000203328 0.00736986 -0.999973 0 0 187
1.22303 7.12951 46.335 0.008258 -0.0225526 -0.999712 0 0 191
1.07957 5.03476 46.7466 -0.390871 -0.461377 -0.796461 0 0 155
1.68388 5.17051 45.6898 -0.0433119 -0.204967 -0.97781 0 0 173
1.70119 5.65873 45.7639 -0.0168347 -0.108073 -0.994 0 0 164
1.69892 6.08794 46.0631 -0.0354732 -0.0188126 -0.999194 0 0 141
1.71739 6.75584 46.4551 0.0117734 0.046063 -0.998869 0 0 200
2.16467 5.19455 45.9527 0.0031349 -0.169535 -0.985519 0 0 164
2.16731 5.69574 46.0743 -0.0159243 -0.0816246 -0.996536 0 0 159
2.1817 6.1359 46.2277 0.0798216 0.0383584 -0.996071 0 0 196
2.19386 6.69932 46.3541 -0.0103996 -0.047088 -0.998837 0 0 214
2.65891 5.13814 46.2341 0.00721163 -0.174026 -0.984715 0 0 205
2.67324 5.64964 46.2594 0.0298593 -0.0642157 -0.997489 0 0 214
2.67792 6.14745 46.3025 -0.00355501 -0.0177845 -0.999836 0 0 214
2.68091 6.63569 46.2247 -0.0374199 -0.0516344 -0.997965 0 0 218
2.69556 7.15048 45.9879 -0.0835941 -0.0951967 -0.991942 0 0 214
3.11382 6.05332 46.2261 -0.0430306 -0.0722528 -0.996458 0 0 232
3.15198 5.21974 46.3288 -0.115248 -0.154961 -0.981175 0 0 223
3.19324 5.66855 46.2729 -0.0814291 -0.10849 -0.990757 0 0 227
3.16663 6.68713 46.1184 -0.110359 -0.0612802 -0.992001 0 0 237
3.16904 7.10827 46.0877 -0.128563 -0.0855165 -0.988007 0 0 237
3.5994 5.57126 46.1675 -0.210985 -0.134834 -0.968145 0 0 241
3.63581 6.11487 46.0654 -0.200313 -0.0830725 -0.976204 0 0 241
3.62573 6.68158 46.0803 -0.188476 -0.0679883 -0.979722 0 0 255
3.64228 5.22164 46.2699 -0.223916 -0.146003 -0.96361 0 0 246
4.1295 5.15972 46.0085 -0.327877 -0.154828 -0.931947 0 0 237
4.08644 4.69994 46.2646 -0.337234 -0.249717 -0.907698 0 0 246
4.0996 5.71072 45.897 -0.336425 -0.101295 -0.936247 0 0 237
4.07292 6.6637 45.9071 -0.316136 -0.0328083 -0.948146 0 0 250
4.24219 6.2825 47.4545 -0.350902 0.10327 -0.9307 0 129 255
4.57649 5.14519 45.6816 -0.331834 -0.131235 -0.934164 0 0 218
4.57357 5.61845 45.7173 -0.333201 -0.0871311 -0.938821 0 0 232
4.60535 6.03904 45.6799 -0.312654 -0.0825893 -0.94627 0 0 232
4.57905 6.57957 45.6732 -0.358695 -0.0234944 -0.933159 0 0 246
4.59539 7.06379 45.5862 -0.340405 -0.0372828 -0.939539 0 0 246
5.02529 5.13232 45.5685 -0.264289 -0.103719 -0.95885 0 0 218
5.03787 5.61506 45.578 -0.246783 -0.0858543 -0.96526 0 0 227
5.04525 6.09296 45.5572 -0.223538 -0.0771476 -0.971637 0 0 237
5.04342 6.57147 45.5068 -0.221887 -0.0915547 -0.970765 0 0 232
5.04377 7.05007 45.4552 -0.3202 -0.0585595 -0.945538 0 0 227
5.53294 5.07375 45.5905 -0.099834 -0.108745 -0.989044 0 0 232
5.51373 5.60726 45.5125 -0.131479 -0.0851376 -0.987656 0 0 223
5.50925 6.08477 45.4569 -0.149302 -0.0860137 -0.985043 0 0 227
5.51498 6.56395 45.4294 -0.164157 -0.100968 -0.981253 0 0 232
6.00646 5.06528 45.5476 -0.0114506 -0.13958 -0.990145 0 0 232
5.9861 5.60469 45.4487 -0.0778329 -0.120963 -0.989601 0 0 223
5.95279 4.58809 45.5858 -0.0049704 -0.193208 -0.981145 0 0 223
6.55932 4.57844 45.6897 0.090219 -0.283309 -0.954776 0 0 246
7.02092 5.46751 45.4456 -0.107487 -0.271186 -0.956506 0 0 241
7.51039 5.41238 45.4559 -0.121898 -0.344179 -0.930957 0 0 246
7.93385 5.93167 45.1457 -0.269763 -0.345893 -0.898658 0 0 209
8.90698 5.02757 45.3926 -0.137394 -0.456509 -0.879046 0 0 246
8.83813 5.4331 45.0493 -0.093996 -0.487018 -0.868319 0 0 209
9.87919 5.56433 45.1752 -0.0797387 -0.367416 -0.926632 0 0 255
11.8522 6.22044 44.8414 -0.128793 -0.0201855 -0.991466 0 0 241
14.1172 4.53791 45.1607 0.0112716 -0.281412 -0.959521 0 93 255
16.9222 4.69916 45.2661 0.034682 -0.28604 -0.95759 0 105 255
17.3753 6.27801 44.7412 0.0989769 -0.150223 -0.983685 0 0 255
23.9377 5.03483 45.5711 0.246321 -0.219517 -0.944001 0 0 178
23.9968 5.59483 45.469 0.279424 -0.213111 -0.936219 0 0 191
24.0111 6.10069 45.3723 0.200961 -0.154491 -0.96734 0 0 218
25.3192 5.11771 45.5184 0.244597 -0.141268 -0.959279 0 0 237
25.3835 5.5775 45.2754 0.315645 -0.075052 -0.945905 0 4 255
26.3072 5.22535 46.2283 0.357318 -0.0357648 -0.933298 0 0 241
26.3223 5.75684 46.2035 0.428307 0.00272373 -0.903629 0 4 255
26.3488 6.2882 46.1613 0.473941 0.0103104 -0.880496 0 41 255
26.5015 6.89176 46.0397 0.491969 0.0430491 -0.869548 0 84 255
26.697 5.18931 45.733 0.426584 -0.0200657 -0.904225 0 29 255
26.6973 5.72035 45.7435 0.472894 -0.00355369 -0.881112 0 52 255
26.6913 6.25326 45.7634 0.480448 0.0192274 -0.876812 0 81 255
27.5402 6.95011 46.7065 0.529312 0.0139321 -0.848313 0 113 255
27.7498 5.21946 46.3878 0.514912 0.0544297 -0.855513 0 52 255
27.7625 4.75192 46.4494 0.519096 0.0269422 -0.854291 0 20 255
27.6926 6.93012 46.6616 0.532533 0.0161964 -0.846254 0 121 255
28.5765 6.06504 47.7277 0.510386 0.0482765 -0.858589 0 65 255
28.6052 6.62401 47.7274 0.512515 0.0647636 -0.856232 0 93 255
28.9248 4.85173 47.2329 0.522557 0.0275827 -0.852158 0 52 255
28.949 5.40501 47.2413 0.535815 0.0634218 -0.84195 0 81 255
29.0554 6.59341 47.3147 0.526922 0.0628852 -0.847584 0 145 255
29.0542 6.11207 47.3781 0.537519 0.0612447 -0.841024 0 113 255
29.005 7.15596 47.4495 0.55265 0.0607728 -0.831195 0 161 255
-6.14809 9.03756 48.2776 -0.475883 -0.0721348 -0.876545 0 25 255
-6.21841 7.98082 48.1118 -0.481316 -0.0753053 -0.873306 0 68 255
-6.20651 7.48561 48.171 -0.500151 -0.18146 -0.846712 0 81 255
-5.5933 8.33594 47.3317 -0.411903 -0.0744111 -0.908185 0 84 255
-5.20452 8.84315 47.3309 -0.375207 -0.0630231 -0.924796 0 52 255
-5.23477 8.32814 47.2954 -0.378027 -0.0777522 -0.922524 0 68 255
-5.23795 7.82128 47.3354 -0.344672 -0.153211 -0.926136 0 81 255
-5.18882 7.34533 47.502 -0.332333 -0.249325 -0.909611 0 81 255
-4.81219 9.35375 47.2828 -0.373576 -0.107069 -0.921399 0 17 255
-4.7957 8.85113 47.3781 -0.352882 -0.085796 -0.931726 0 25 255
-4.78773 8.3438 47.4437 -0.330012 -0.0943619 -0.939248 0 29 255
-4.78683 7.83316 47.4882 -0.317408 -0.169184 -0.933075 0 36 255
-4.76558 7.39874 47.5763 -0.313241 -0.222252 -0.923301 0 45 255
-4.37814 9.36151 47.3477 -0.312477 -0.115515 -0.942876 0 0 255
-4.34968 8.86373 47.4785 -0.326157 -0.105971 -0.939357 0 0 255
-4.3436 8.3552 47.5438 -0.292291 -0.108263 -0.950182 0 0 255
-4.33322 7.84166 47.6111 -0.278883 -0.166964 -0.945699 0 1 255
-4.3318 7.32461 47.6542 -0.338615 -0.196151 -0.920253 0 9 255
-3.70106 9.22498 46.7848 -0.356964 -0.14147 -0.923343 0 0 255
-3.68594 8.7298 46.8814 -0.343509 -0.113544 -0.932261 0 0 255
-3.66723 8.23827 46.9873 -0.335802 -0.10669 -0.935871 0 1 255
-3.65288 7.31629 47.1007 -0.341869 -0.19267 -0.919785 0 17 255
-3.67711 7.73564 46.9999 -0.352975 -0.145307 -0.924281 0 17 255
-3.26736 7.27942 47.0183 -0.36001 -0.1918 -0.91302 0 1 255
-3.25988 8.29023 46.9467 -0.362463 -0.111467 -0.925308 0 0 246
-3.28495 8.72095 46.838 -0.355663 -0.116149 -0.927369 0 0 250
-3.24398 9.23861 46.8954 -0.351008 -0.130464 -0.927239 0 0 223
-2.57308 7.64854 46.5562 -0.253455 -0.154034 -0.955005 0 0 255
-2.15753 7.70846 46.5606 -0.274769 -0.187919 -0.942968 0 0 232
-2.16591 8.18901 46.4731 -0.308026 -0.171869 -0.935725 0 0 227
-2.16513 8.67979 46.421 -0.327677 -0.140477 -0.934288 0 0 223
-2.15216 9.17761 46.3993 -0.356393 -0.109527 -0.927894 0 0 209
-2.19111 9.59282 46.2321 -0.35346 -0.103389 -0.929719 0 0 223
-1.70068 7.21267 46.6609 -0.270288 -0.237916 -0.932921 0 0 209
-1.71414 7.69157 46.5639 -0.281917 -0.216428 -0.93471 0 0 209
-1.72881 8.17719 46.47 -0.292761 -0.208026 -0.933282 0 0 205
-1.72471 8.67659 46.4302 -0.288246 -0.183487 -0.939812 0 0 205
-1.73207 9.17158 46.352 -0.320452 -0.158257 -0.933951 0 0 200
-1.24979 7.1884 46.6547 -0.274278 -0.260565 -0.925677 0 0 182
-1.28578 7.72452 46.4577 -0.278261 -0.210497 -0.937156 0 0 196
-1.11742 8.11056 46.0822 -0.23799 -0.193589 -0.95178 0 0 209
-1.11028 8.58407 45.9901 -0.217949 -0.198818 -0.955494 0 0 218
-1.11881 9.06065 45.8973 -0.231068 -0.191688 -0.953867 0 0 214
-1.14427 9.46556 45.7777 -0.25667 -0.155006 -0.953988 0 0 218
-0.812706 7.1308 46.4592 -0.276288 -0.253596 -0.927013 0 0 191
-0.687229 7.60506 46.0919 -0.231513 -0.19199 -0.953699 0 0 200
-0.699895 8.14663 45.975 -0.150897 -0.183555 -0.971359 0 0 200
-0.690933 8.63823 45.9664 -0.141233 -0.201769 -0.969197 0 0 196
-0.672392 9.06603 45.9306 -0.113382 -0.218206 -0.969294 0 0 187
-0.210411 8.58105 46.0694 0.0343538 -0.176905 -0.983628 0 0 164
-0.244504 9.06656 46.0353 -0.0187387 -0.209462 -0.977637 0 0 178
-0.236349 7.5781 45.9884 -0.0825868 -0.126873 -0.988475 0 0 187
-0.228253 8.07818 45.9904 -0.0254129 -0.152767 -0.987935 0 0 187
-0.218386 9.53679 45.8358 -0.00355929 -0.226227 -0.974068 0 0 191
0.245815 7.58518 46.0422 0.0187669 -0.0768823 -0.996864 0 0 173
0.255114 8.029 46.096 0.0412405 -0.0843052 -0.995586 0 0 146
0.253426 8.53138 46.1282 0.0461993 -0.130354 -0.990391 0 0 155
0.250441 9.07131 45.9903 0.0243958 -0.251237 -0.967618 0 0 164
0.737275 7.54218 46.1894 0.0479696 -0.0340185 -0.998269 0 0 150
0.72956 8.59242 46.1521 0.0068353 -0.16189 -0.986785 0 0 159
0.743481 9.05718 45.9652 -0.00337402 -0.287102 -0.957894 0 0 164
0.738818 9.49605 45.7329 -0.0372002 -0.321277 -0.946254 0 0 173
0.799782 8.06748 46.2332 0.00701268 -0.0754246 -0.997127 0 0 155
1.20896 7.67625 46.2906 0.0204898 -0.0879018 -0.995918 0 0 187
1.21151 8.10083 46.2017 -0.0150865 -0.121592 -0.992466 0 0 182
1.22369 8.58265 46.1111 -0.0543299 -0.201964 -0.977885 0 0 173
1.22553 9.05654 46.0014 -0.0431737 -0.277574 -0.959734 0 0 159
1.22857 9.49357 45.7836 -0.0286705 -0.307636 -0.951072 0 0 141
1.70722 7.64624 46.1079 -0.0668881 -0.0991859 -0.992818 0 0 191
1.71338 8.12163 46.0435 -0.0945865 -0.142388 -0.985281 0 0 191
1.717 8.49938 46.0558 -0.0516275 -0.179724 -0.982361 0 0 182
1.71536 9.10874 45.9972 -0.0706902 -0.266734 -0.961174 0 0 187
1.75936 9.55114 45.7753 -0.0165632 -0.268846 -0.963041 0 0 178
1.76499 7.23872 46.2612 -0.0553759 -0.0669326 -0.99622 0 0 196
2.22063 8.52811 45.9704 -0.11811 -0.194119 -0.973842 0 0 196
2.22082 9.01959 45.9381 -0.0719846 -0.250427 -0.965456 0 0 200
2.72377 7.4985 45.9008 -0.0208902 -0.0864811 -0.996034 0 0 214
2.74171 8.51685 46.0274 -0.0673472 -0.242556 -0.967797 0 0 227
2.72646 8.98654 45.9031 -0.24941 -0.241265 -0.937862 0 0 214
2.81392 9.45615 45.5859 -0.296443 -0.148958 -0.943362 0 0 187
3.18156 8.68665 46.3437 -0.0179677 -0.151669 -0.988268 0 4 255
3.25056 8.34627 47.2999 0.338564 0.0374917 -0.940196 0 100 255
3.75745 7.60076 46.2941 -0.25664 -0.021718 -0.966263 0 17 255
3.68935 8.58171 45.9708 -0.122981 -0.499728 -0.857407 0 0 255
4.17517 7.70946 46.5093 -0.209839 0.29578 -0.931924 0 52 255
4.18921 8.039 46.0153 -0.416734 -0.211409 -0.884103 0 1 255
4.24859 7.34594 47.3912 -0.241177 0.295087 -0.924531 0 136 255
4.75875 8.84224 47.2105 -0.523094 -0.245164 -0.816252 0 129 255
5.29402 9.20128 46.709 -0.50813 -0.111261 -0.854063 0 81 255
5.26047 8.84005 47.1955 -0.621558 -0.113504 -0.775101 0 133 255
7.45297 9.10755 45.0542 -0.0662208 0.109417 -0.991788 0 0 182
8.35247 9.01147 44.8751 -0.0822458 0.08448 -0.993025 0 0 159
9.37632 7.55399 45.0773 0.0621949 0.165497 -0.984247 0 0 209
11.8904 7.61893 44.6455 -0.0716458 -0.115593 -0.990709 0 0 178
23.6654 9.2878 45.6445 0.319623 0.170032 -0.932164 0 100 255
25.0139 8.86055 45.8064 0.339522 0.130074 -0.931561 0 133 255
25.086 9.47791 45.8075 0.310094 0.0870359 -0.946713 0 173 255
25.3458 7.22335 45.48 0.386394 0.0409924 -0.921422 0 77 255
25.3826 7.81794 45.5559 0.389949 0.117236 -0.913343 0 105 255
25.459 8.43165 45.5517 0.363346 0.136974 -0.92153 0 145 255
25.4859 8.96384 45.51 0.324365 0.100669 -0.94056 0 181 255
26.3786 7.35732 46.1113 0.467563 0.0635433 -0.881673 0 100 255
26.4115 8.43074 46.0706 0.424559 0.065382 -0.903037 0 168 255
26.5111 7.98252 46.0291 0.422161 0.0716924 -0.903682 0 149 255
26.5227 9.06168 46.0513 0.438906 0.0797375 -0.894988 0 213 255
26.51 9.59617 46.1139 0.451945 0.121712 -0.883704 6 237 241
26.8143 7.92608 45.7744 0.422161 0.0716924 -0.903682 0 181 255
27.4757 7.50366 46.8183 0.522916 0.0257402 -0.851996 0 133 255
27.5744 8.68811 46.8795 0.527617 0.0841391 -0.845305 0 197 255
27.6054 9.24392 46.8793 0.515452 0.115462 -0.849104 2 232 244
27.8864 8.0143 46.4624 0.5327 0.0345516 -0.845599 0 205 255
28.0835 9.28786 46.6344 0.532963 0.113163 -0.838537 38 255 209
28.6237 7.66588 47.6497 0.542779 0.061173 -0.837645 0 157 255
28.8626 8.87875 47.59 0.519182 0.0830379 -0.85062 9 241 238
29.0223 7.71962 47.4992 0.547593 0.0576948 -0.834753 0 193 255
-7.93529 10.6208 47.8502 -0.349141 -0.216231 -0.911781 0 129 255
-6.72467 11.9822 47.3526 -0.442367 -0.0735009 -0.893817 0 68 255
-6.70957 11.5478 47.4337 -0.42939 -0.184723 -0.884026 0 68 255
-6.70751 10.5338 47.5777 -0.326992 -0.279166 -0.902853 0 77 255
-6.28506 12.0785 47.5203 -0.466013 -0.108152 -0.878143 0 33 255
-6.27487 11.576 47.6223 -0.470557 -0.1903 -0.861604 0 25 255
-6.27902 11.0636 47.6884 -0.372753 -0.272872 -0.886902 0 29 255
-6.31169 10.5291 47.6736 -0.340579 -0.292755 -0.893477 0 45 255
-6.30688 10.0073 47.7407 -0.40909 -0.26696 -0.872569 0 57 255
-5.92773 12.0253 47.5371 -0.471636 -0.103744 -0.875669 0 20 255
-5.92328 11.0319 47.6704 -0.405084 -0.299235 -0.863925 0 13 255
-5.90433 10.5195 47.7697 -0.412752 -0.261354 -0.872542 0 13 255
-5.89313 10.0058 47.8372 -0.431084 -0.231287 -0.872166 0 20 255
-5.58172 11.4179 47.0245 -0.444077 -0.247956 -0.860995 0 36 255
-5.37401 11.8284 46.4977 -0.450102 -0.179773 -0.874694 0 61 255
-5.27667 11.351 46.8247 -0.439731 -0.277853 -0.854069 0 36 255
-5.1937 10.8964 47.1075 -0.415861 -0.316547 -0.852559 0 25 255
-5.154 10.4126 47.2797 -0.414429 -0.285247 -0.864224 0 9 255
-5.14859 9.89556 47.3482 -0.41131 -0.152845 -0.898589 0 20 255
-4.79262 10.88 47.1339 -0.412172 -0.322842 -0.85199 0 9 255
-4.76072 10.3979 47.3041 -0.393188 -0.275164 -0.877319 0 0 255
-4.78721 9.86827 47.282 -0.396268 -0.174004 -0.901496 0 4 255
-4.64532 11.6323 46.2284 -0.186602 -0.224899 -0.956347 0 49 255
-4.41327 10.8203 47.0005 -0.270686 -0.329813 -0.904407 0 9 255
-4.38674 9.84559 47.2343 -0.375922 -0.183514 -0.908298 0 0 255
-4.18161 11.7054 46.2783 -0.171434 -0.203677 -0.963912 0 17 255
-4.17124 11.218 46.4127 -0.180561 -0.291863 -0.939262 0 13 255
-4.09802 10.2638 46.7868 -0.310231 -0.251639 -0.916752 0 0 255
-3.71203 11.7278 46.4013 -0.168005 -0.170078 -0.971003 0 0 246
-3.7263 11.2127 46.4202 -0.222699 -0.239572 -0.944992 0 0 255
-3.727 10.7115 46.5053 -0.278247 -0.23246 -0.931955 0 0 255
-3.71708 10.2198 46.6091 -0.338662 -0.178197 -0.92388 0 0 255
-3.71069 9.72274 46.6969 -0.357347 -0.164315 -0.919404 0 0 255
-3.235 9.74423 46.8607 -0.342973 -0.140162 -0.92883 0 0 214
-3.23539 10.2455 46.7939 -0.320688 -0.146371 -0.935807 0 0 218
-3.22682 10.7541 46.7522 -0.258944 -0.190139 -0.946993 0 0 200
-3.22369 11.2595 46.6874 -0.187722 -0.194333 -0.962806 0 0 200
-3.21969 11.8276 46.607 -0.159263 -0.172455 -0.972057 0 0 196
-2.19114 10.1492 46.1587 -0.352356 -0.081439 -0.932316 0 0 227
-2.17751 10.6477 46.1337 -0.332072 -0.0795854 -0.939891 0 0 214
-2.17652 11.0814 46.0764 -0.3016 -0.0717228 -0.950733 0 0 218
-2.18175 11.5754 45.9833 -0.249416 -0.0852155 -0.96464 0 0 218
-2.19135 12.0687 45.8648 -0.191632 -0.0904493 -0.97729 0 0 237
-1.75418 9.65723 46.2191 -0.340641 -0.108188 -0.933948 0 0 209
-1.72413 10.1657 46.2486 -0.360581 -0.0840455 -0.928934 0 0 182
-1.6981 10.6713 46.259 -0.365629 -0.042088 -0.929809 0 0 173
-1.69253 11.1732 46.2213 -0.316573 -0.0227163 -0.948296 0 0 182
-1.69616 11.6687 46.1444 -0.246478 -0.030648 -0.968664 0 0 187
-1.7031 12.0957 46.0198 -0.200184 -0.0496358 -0.9785 0 0 223
-1.25681 11.0896 46.0088 -0.2511 0.0288596 -0.967531 0 0 182
-1.22937 12.1126 46.0665 -0.141448 -0.0408894 -0.989101 0 0 196
-1.14338 9.94251 45.7063 -0.285252 -0.0787948 -0.955208 0 0 227
-0.882971 9.58993 45.6988 -0.24713 -0.156803 -0.956211 0 0 209
-0.692538 10.0082 45.6788 -0.241822 -0.0988139 -0.965276 0 0 209
-0.698801 10.4923 45.6171 -0.249317 -0.0405929 -0.967571 0 0 209
-0.688757 10.9781 45.6113 -0.244144 0.0761129 -0.966747 0 0 209
-0.237882 10.0124 45.6594 -0.101625 -0.142118 -0.984619 0 0 182
-0.232184 10.5024 45.6048 -0.138057 -0.0820451 -0.98702 0 0 191
-0.227996 10.9294 45.5565 -0.156985 0.0686418 -0.985213 0 0 187
-0.208154 11.4803 45.6148 -0.177776 0.066699 -0.981808 0 0 178
0.233923 9.99533 45.5764 -0.0591134 -0.18286 -0.98136 0 0 182
0.237159 10.5052 45.5722 -0.0807456 -0.0658594 -0.994557 0 0 173
0.247748 11.0077 45.5783 -0.104897 0.0362387 -0.993823 0 0 178
0.262071 11.4975 45.6008 -0.115887 0.065644 -0.991091 0 0 164
0.260021 12.0026 45.6588 -0.15281 -0.00366001 -0.988249 0 0 168
0.718305 10.4811 45.4603 -0.0455909 -0.0787813 -0.995849 0 0 200
0.72579 11.0103 45.5221 -0.0409909 0.0173344 -0.999009 0 0 173
0.743506 11.5111 45.6201 -0.0650757 0.0417408 -0.997007 0 0 164
0.750144 12.0048 45.6185 -0.102848 -0.0103872 -0.994643 0 0 178
1.24269 9.92734 45.5247 -0.0204576 -0.269963 -0.962653 0 0 141
1.22892 11.5207 45.6281 -0.0526236 0.00319317 -0.998609 0 0 168
1.23633 12.0137 45.6286 -0.0942807 -0.0494226 -0.994318 0 0 137
1.78216 9.92151 45.5643 -0.00777611 -0.220283 -0.975405 0 0 155
1.72825 11.5081 45.5904 -0.0571677 -0.0178133 -0.998206 0 0 150
1.72673 12.0192 45.6355 -0.0553158 -0.0662655 -0.996268 0 0 150
2.29697 10.4108 45.5722 -0.00224757 -0.128107 -0.991758 0 0 173
2.24413 10.9817 45.6388 -0.0550999 -0.115684 -0.991757 0 0 173
2.25134 11.4912 45.5507 -0.0965185 -0.0882192 -0.991414 0 0 155
2.23415 11.9909 45.4722 -0.173197 -0.046253 -0.983801 0 0 150
2.7654 10.486 45.7991 0.0458798 -0.16838 -0.984654 0 0 191
2.72958 11.0027 45.7284 -0.0889733 -0.247172 -0.964878 0 0 187
3.16009 10.6617 46.1402 -0.166689 -0.164143 -0.972251 0 0 241
3.25517 10.9836 45.5402 -0.203336 -0.172001 -0.963883 0 0 187
3.26108 10.2833 47.0514 0.0973258 -0.354657 -0.929917 0 65 255
4.03227 11.3763 45.0861 -0.301019 -0.289566 -0.908592 0 0 137
4.55163 10.4189 45.2236 -0.133421 -0.102928 -0.9857 0 0 173
4.52336 11.448 45.0522 -0.223774 -0.263128 -0.93845 0 0 173
6.67426 11.6292 44.7975 0.158092 0.0960921 -0.982738 0 0 173
7.52145 10.0158 45.1563 0.0107019 0.0576642 -0.998279 0 0 182
7.56669 10.5915 45.1962 0.0856529 0.0199952 -0.996124 0 0 182
8.04685 10.5311 45.3005 -0.0802851 0.0865057 -0.993011 0 0 182
8.4641 10.0338 45.1007 -0.220173 0.138445 -0.965586 0 0 164
22.0283 11.4249 45.8091 0.320917 0.284064 -0.903504 0 125 255
22.0426 11.952 45.7015 0.340194 0.24408 -0.908126 0 165 255
22.4922 10.3982 45.1148 0.240253 0.233199 -0.942283 0 141 255
23.7372 10.4212 45.5567 0.164995 0.0961987 -0.981592 0 173 255
23.7329 10.9381 45.5807 0.108004 0.0848538 -0.990523 0 200 255
23.742 11.4521 45.5693 0.110127 0.215539 -0.970265 2 232 244
23.8264 12.1017 45.4956 0.126531 0.330086 -0.935432 38 255 209
25.0773 10.002 45.8356 0.308218 0.051195 -0.949937 0 200 255
25.3034 10.6573 45.5522 0.311473 0.110012 -0.943865 31 255 215
25.211 11.1741 45.7607 0.356166 0.183761 -0.916176 41 255 206
25.2143 11.7105 45.8039 0.332155 0.256281 -0.907741 67 255 180
25.555 10.5646 45.4633 0.342321 0.0801173 -0.936161 44 255 202
26.135 10.1989 46.4992 0.445746 0.134086 -0.88506 0 229 248
26.2483 11.3929 46.5603 0.462387 0.168076 -0.870602 57 255 190
26.2855 11.9502 46.5512 0.438297 0.182046 -0.880202 86 255 160
26.5861 10.2285 46.2082 0.459266 0.156851 -0.874341 35 255 212
27.3328 11.068 47.3761 0.443575 0.140242 -0.885197 51 255 196
27.3803 11.6394 47.3756 0.399017 0.141545 -0.905953 83 255 164
27.6407 9.80165 46.8834 0.513126 0.142657 -0.846375 28 255 219
27.7359 10.4541 46.9976 0.4531 0.160071 -0.876971 60 255 186
27.7917 11.0236 47.0042 0.405344 0.122644 -0.9059 90 255 157
27.9161 11.6954 47.1339 0.417561 0.131704 -0.899054 122 255 125
28.9709 10.7036 47.9031 0.496735 0.0424931 -0.866861 90 255 157
29.0384 11.2918 47.9417 0.471348 0.0482244 -0.880628 122 255 125
29.7334 11.9765 47.8812 0.46794 0.0938162 -0.878767 193 255 54
-7.92492 12.6568 47.6199 -0.423495 -0.0503105 -0.9045 0 113 255
-7.49031 14.2911 47.5743 -0.415944 0.0151934 -0.909263 0 73 255
-7.48436 13.7566 47.689 -0.381018 0.0475515 -0.923344 0 68 255
-7.46439 12.708 47.8987 -0.372275 -0.0682245 -0.925611 0 65 255
-7.41615 13.2975 47.8551 -0.413076 -0.0231056 -0.910403 0 52 255
-7.46097 12.2409 47.9393 -0.359358 -0.0809174 -0.929685 0 65 255
-7.00072 14.3938 47.8362 -0.421794 0.0132167 -0.906595 0 25 255
-6.52653 13.5069 47.5019 -0.436683 -0.0351097 -0.89893 0 33 255
-6.25088 14.6077 47.1412 -0.503406 -0.0287783 -0.86357 0 29 255
-6.29692 14.0811 47.1696 -0.505486 -0.0154771 -0.862696 0 36 255
-6.30355 13.0403 47.342 -0.438585 -0.026456 -0.8983 0 33 255
-6.27562 12.587 47.4366 -0.455158 -0.0722394 -0.887475 0 25 255
-6.01945 14.1133 47.0438 -0.443752 -0.0888018 -0.891739 0 29 255
-6.02511 13.6644 47.0746 -0.470167 -0.0876786 -0.878212 0 29 255
-6.00453 13.1346 47.1866 -0.484685 -0.0186617 -0.87449 0 29 255
-5.63877 12.365 46.7049 -0.483083 -0.061679 -0.8734 0 52 255
-5.17502 13.3524 46.7923 -0.368153 0.0611024 -0.927755 0 9 255
-5.18186 13.9236 46.647 -0.345459 -0.0327072 -0.937864 0 17 255
-5.2135 12.9013 46.7532 -0.428342 0.0352852 -0.902927 0 20 255
-5.33248 12.3682 46.5327 -0.438648 -0.0341853 -0.898008 0 52 255
-4.82174 14.4755 46.4428 -0.258615 0.00292817 -0.965976 0 17 255
-4.79588 13.9633 46.6259 -0.30496 -0.040957 -0.951484 0 0 255
-4.76103 13.4545 46.8209 -0.314529 0.0564987 -0.947565 0 0 255
-4.80642 12.939 46.7731 -0.352979 0.0771068 -0.932449 0 1 255
-4.63729 12.1928 46.1899 -0.190482 -0.0806486 -0.978372 0 41 255
-4.34171 14.526 46.6152 -0.226299 0.0422202 -0.973142 0 0 241
-4.34761 14.0106 46.7015 -0.211984 0.00332917 -0.977267 0 0 232
-4.35144 13.4958 46.7876 -0.206267 0.0402568 -0.977667 0 0 241
-4.16269 12.7151 46.2369 -0.163228 0.0542387 -0.985096 0 13 255
-4.18133 12.2069 46.1994 -0.177971 -0.0688305 -0.981625 0 17 255
-3.62421 14.2421 46.2726 -0.23032 0.0497123 -0.971844 0 0 237
-3.66152 13.7458 46.2368 -0.250171 0.0241764 -0.9679 0 0 246
-3.69248 13.243 46.2365 -0.25122 0.0106157 -0.967872 0 0 255
-3.70633 12.7397 46.2678 -0.236666 0.00839775 -0.971555 0 0 255
-3.71196 12.2327 46.3201 -0.193487 -0.0606426 -0.979227 0 0 250
-3.21652 14.2905 46.1801 -0.280385 0.0684241 -0.957446 0 0 227
-3.22634 13.7855 46.2445 -0.281147 0.0240694 -0.959363 0 0 227
-3.22957 13.2795 46.329 -0.285874 -0.0133956 -0.958174 0 0 223
-3.2256 12.7736 46.4329 -0.243538 -0.0172926 -0.969737 0 0 209
-3.22342 12.2687 46.5285 -0.169011 -0.0675044 -0.9833 0 0 205
-2.79426 13.829 46.1976 -0.256451 0.0355911 -0.965902 0 0 223
-2.18882 12.6273 45.7744 -0.172138 -0.0905773 -0.9809 0 0 232
-2.17383 13.0677 45.7831 -0.172032 -0.101583 -0.97984 0 0 237
-2.12006 14.0408 45.877 -0.158489 0.0423533 -0.986452 0 0 218
-1.70205 12.5938 45.9395 -0.137291 -0.080836 -0.987227 0 0 196
-1.70035 13.0915 45.8572 -0.144935 -0.0668469 -0.987181 0 0 209
-1.69656 13.5892 45.7866 -0.139901 -0.0245056 -0.989862 0 0 209
-1.68446 14.0842 45.7593 -0.137758 0.0507267 -0.989166 0 0 214
-1.2187 12.6152 46.0354 -0.124994 -0.0795124 -0.988966 0 0 164
-1.21365 13.1165 45.9721 -0.121466 -0.077706 -0.989549 0 0 178
-1.22025 13.6779 45.8127 -0.168745 -0.0544977 -0.984152 0 0 191
-1.21105 14.1767 45.7692 -0.175817 0.0625976 -0.982431 0 0 200
-0.733555 12.1841 46.0605 -0.176019 -0.00408118 -0.984378 0 0 159
-0.733592 12.6899 46.027 -0.157134 -0.0603409 -0.985732 0 0 178
-0.721482 13.1871 45.903 -0.181229 -0.0907155 -0.979248 0 0 164
-0.736563 13.702 45.8238 -0.175189 -0.052525 -0.983133 0 0 182
-0.728603 14.2059 45.8258 -0.19378 0.0504091 -0.979749 0 0 173
-0.232609 12.1843 45.883 -0.211026 -0.0063961 -0.977459 0 0 150
-0.182547 12.6591 45.7774 -0.221337 -0.0864377 -0.971359 0 0 168
-0.255246 14.2397 45.7671 -0.187703 0.0643213 -0.980118 0 0 173
0.75114 12.4946 45.5075 -0.0611631 -0.109372 -0.992117 0 0 187
1.23926 12.5056 45.5549 -0.0746451 -0.131026 -0.988565 0 0 155
1.23944 12.9949 45.4341 -0.039739 -0.121344 -0.991815 0 0 191
1.72877 12.5136 45.5813 -0.0627151 -0.0745765 -0.995241 0 0 150
1.73106 13.0049 45.4863 -0.0146392 -0.0919516 -0.995656 0 0 155
2.22586 12.4937 45.4503 -0.141066 -0.0197502 -0.989803 0 0 159
2.22114 13.01 45.4925 -0.0297703 -0.0507283 -0.998269 0 0 191
2.22541 13.5074 45.4477 -0.00997672 -0.0476527 -0.998814 0 0 150
2.72334 13.001 45.4558 -0.146112 0.0800312 -0.986026 0 0 173
2.7185 13.5134 45.4802 -0.0122554 -0.0550597 -0.998408 0 0 155
3.18941 12.5523 45.2549 -0.257743 0.109225 -0.96002 0 0 155
3.19265 13.0207 45.4342 -0.163274 0.142503 -0.976235 0 0 159
3.20977 13.5157 45.4725 -0.0801618 0.0169834 -0.996637 0 0 150
3.68834 13.0685 45.3288 -0.174868 0.20576 -0.962852 0 0 146
3.7025 13.5802 45.4565 -0.101797 0.110155 -0.988688 0 0 150
4.19226 13.5711 45.3715 -0.066328 0.150596 -0.986368 0 0 164
4.67963 13.5584 45.2684 -0.0279176 0.169548 -0.985126 0 0 168
5.64627 12.605 45.03 0.113408 0.244569 -0.962977 0 0 155
5.65906 13.0566 45.2837 0.0936349 0.247179 -0.964435 0 0 178
8.24248 14.2931 45.4355 0.0629558 0.0876141 -0.994163 0 0 218
8.72786 14.2571 45.4496 0.0237104 0.0489737 -0.998519 0 0 227
9.15745 13.2309 45.3143 -0.0263076 0.169389 -0.985198 0 0 187
9.22617 13.7478 45.451 -0.00684036 0.079759 -0.996791 0 0 214
9.25258 14.2556 45.4253 -0.0352623 0.0485695 -0.998197 0 0 227
9.62013 12.743 45.1765 -0.111649 0.208679 -0.97159 0 0 200
9.71999 13.2525 45.4053 -0.0626751 0.162935 -0.984644 0 0 196
11.3474 14.4761 45.4961 -0.135177 0.161922 -0.977501 0 13 255
11.8757 14.4262 45.4572 -0.220269 0.239111 -0.945678 0 25 255
11.8066 14.026 45.388 -0.210287 0.263222 -0.941538 0 9 255
14.1843 13.6732 45.1995 0.0242936 0.0358621 -0.999061 0 52 255
14.4696 12.9633 45.3132 -0.0571846 0.0890711 -0.994382 0 4 255
15.6889 14.3195 45.2072 0.0307476 0.300457 -0.9533 0 125 255
17.447 13.9713 45.0634 0.0905886 0.281392 -0.955307 0 161 255
18.6946 14.1028 45.3715 0.0685995 0.338546 -0.938446 0 185 255
20.3976 14.0768 45.7168 0.151005 0.361011 -0.920255 0 217 255
20.407 14.6002 45.6114 0.145868 0.339411 -0.929259 25 255 222
21.65 13.0772 45.9985 0.436026 0.20173 -0.877033 0 193 255
22.1023 13.0884 45.6419 0.37356 0.228577 -0.899002 9 241 238
22.1172 13.617 45.5583 0.383054 0.198452 -0.902157 38 255 209
22.1245 14.1425 45.5047 0.316417 0.233288 -0.919487 64 255 183
22.1792 13.9343 47.0031 0.360479 0.237195 -0.902105 0 200 255
22.1918 14.4766 46.9066 0.306399 0.205237 -0.929515 9 241 238
22.5269 12.6757 46.6279 0.171973 0.306074 -0.936346 0 168 255
23.0013 13.8542 46.2494 0.414708 0.263972 -0.870825 44 255 202
23.0906 14.4085 46.1382 0.381058 0.214203 -0.899395 80 255 167
23.4283 12.192 45.9155 0.135292 0.328044 -0.934924 2 232 244
23.4092 12.5898 46.1419 0.126861 0.362236 -0.923413 9 241 238
23.8488 12.6288 45.4632 0.186822 0.292022 -0.937988 64 255 183
23.977 14.4727 46.6155 0.263892 0.261653 -0.928385 99 255 148
23.984 13.4712 46.8581 0.269032 0.370086 -0.889189 38 255 209
24.4073 13.3943 46.4205 0.250667 0.398157 -0.882404 73 255 173
24.5547 14.2747 47.856 0.191198 0.266292 -0.944739 57 255 190
24.9164 12.9718 46.2618 0.250879 0.37033 -0.89438 86 255 160
24.9935 14.1972 47.4228 0.238817 0.272203 -0.932133 93 255 154
25.9608 12.6803 47.02 0.322024 0.31919 -0.891302 83 255 164
25.9775 13.7086 46.8992 0.329577 0.283966 -0.900412 141 255 106
26.3952 12.6141 46.6528 0.375799 0.302557 -0.875919 119 255 128
26.4495 13.1857 46.6566 0.369291 0.321938 -0.871769 151 255 96
27.4335 12.2157 47.3823 0.39586 0.180406 -0.900416 115 255 131
27.493 12.7976 47.3978 0.374418 0.25576 -0.89129 144 255 102
27.6319 13.4937 47.5496 0.37701 0.322786 -0.868143 180 255 67
27.9882 12.7634 47.0923 0.39382 0.204861 -0.896068 180 255 67
28.069 13.3572 47.1454 0.395239 0.301059 -0.867842 212 255 35
-7.02213 15.935 47.5295 -0.446028 -0.0172188 -0.894853 0 49 255
-6.73008 15.4411 48.1295 -0.471033 0.0372038 -0.881331 0 0 241
-6.58964 16.5265 47.5759 -0.464119 -0.0174 -0.885602 0 13 255
-6.36612 16.6773 46.492 -0.43039 0.0441589 -0.901562 0 100 255
-6.2595 15.6646 46.9413 -0.470229 0.0577874 -0.88065 0 49 255
-5.8886 16.2135 46.8477 -0.424198 0.0503993 -0.904166 0 45 255
-5.90912 15.6951 46.973 -0.444483 0.0422444 -0.894791 0 29 255
-5.95216 15.1566 46.9623 -0.45223 -0.0116433 -0.891826 0 25 255
-5.88861 14.6428 47.1718 -0.44925 -0.0479503 -0.892118 0 9 255
-5.38954 16.799 46.996 -0.284103 0.0688787 -0.956317 0 4 255
-5.38689 16.3234 47.0608 -0.296647 0.0499938 -0.953678 0 0 255
-5.60156 14.6699 47.0136 -0.401743 -0.0598193 -0.913797 0 9 255
-5.19895 15.4049 46.3552 -0.13508 0.0544278 -0.989339 0 36 255
-5.19248 14.8923 46.4826 -0.220324 0.0119656 -0.975353 0 33 255
-4.93315 16.8333 47.1406 -0.238702 0.0577857 -0.969372 0 0 232
-4.98242 16.3508 47.0971 -0.197903 0.0784687 -0.977076 0 0 232
-4.76267 15.4494 46.4521 -0.177395 0.116539 -0.977215 0 13 255
-4.77529 14.9925 46.4767 -0.210955 0.0657691 -0.975281 0 4 255
-4.28076 17.0545 46.2758 -0.239917 -0.0903037 -0.966584 0 25 255
-4.18638 16.5748 46.6313 -0.262914 -0.0188985 -0.964634 0 0 246
-4.21623 16.0218 46.6953 -0.2568 0.0653304 -0.964254 0 0 237
-4.25707 15.5563 46.671 -0.236958 0.0812802 -0.968114 0 0 232
-4.31407 15.0405 46.6007 -0.222545 0.0744037 -0.972079 0 0 237
-3.75905 16.6673 46.6711 -0.311475 -0.0192922 -0.950058 0 0 227
-3.75174 16.1421 46.826 -0.2986 -0.0171627 -0.954224 0 0 200
-3.79291 15.6021 46.7859 -0.221352 0.0806409 -0.971854 0 0 200
-3.84636 15.0846 46.7278 -0.177885 0.0729643 -0.981342 0 0 209
-3.3463 16.6142 46.4826 -0.286157 -0.0596227 -0.956326 0 0 218
-3.35398 15.6176 46.5487 -0.238056 -0.0419861 -0.970343 0 0 214
-3.25495 16.9033 45.7696 -0.218275 -0.0440024 -0.974895 0 25 255
-3.17976 15.8369 46.3203 -0.24278 -0.0521627 -0.968678 0 0 218
-3.19013 14.7941 46.1906 -0.247234 0.0789084 -0.965737 0 0 232
-2.75476 14.8373 46.1086 -0.253168 0.0974849 -0.962498 0 0 218
-2.72873 15.3435 46.0939 -0.261423 -0.00159239 -0.965223 0 0 218
-2.72725 15.8579 46.0883 -0.211417 -0.0556955 -0.975808 0 0 227
-2.72178 16.3847 46.0307 -0.183705 -0.0949773 -0.978382 0 0 246
-2.71943 16.8599 45.7055 -0.151573 -0.0715858 -0.985851 0 9 255
-2.26611 14.8769 46.2058 -0.200747 0.102418 -0.974275 0 0 196
-2.23908 15.3797 46.2488 -0.215246 0.0471797 -0.975419 0 0 191
-2.23942 15.8861 46.0925 -0.168227 0.0294205 -0.985309 0 0 209
-2.23553 16.4 46.0401 -0.181395 -0.0676116 -0.981083 0 0 223
-2.23499 16.9086 45.9024 -0.176156 -0.11609 -0.977493 0 0 246
-1.73765 15.9194 46.2527 -0.130006 0.0249337 -0.9912 0 0 191
-1.73713 16.4351 46.1881 -0.191489 -0.0577818 -0.979793 0 0 191
-1.73647 16.9473 46.0618 -0.186428 -0.0783395 -0.97934 0 0 214
-1.27017 15.5065 46.2536 -0.131657 0.0663671 -0.989071 0 0 173
-1.23456 16.4632 46.2955 -0.147135 -0.0624002 -0.987146 0 0 196
-1.23434 16.9785 46.1884 -0.136927 -0.0842579 -0.986991 0 0 209
-0.723778 16.5219 46.2426 -0.132041 -0.037269 -0.990543 0 0 164
-0.717553 14.7022 45.7831 -0.175051 0.128941 -0.97608 0 0 200
-0.680031 15.6421 45.9627 -0.1846 0.0237021 -0.982528 0 0 178
-0.246391 14.7412 45.7406 -0.171982 0.124636 -0.977184 0 0 178
-0.233953 15.1725 45.7142 -0.170954 0.092548 -0.980923 0 0 187
-0.216269 15.7302 45.7006 -0.164186 0.0665464 -0.984182 0 0 209
0.249544 14.7604 45.7231 -0.123037 0.160263 -0.979376 0 0 178
0.273762 15.7518 45.7165 -0.112836 0.0509203 -0.992308 0 0 187
0.277635 16.2551 45.6204 -0.129229 0.0238422 -0.991328 0 0 223
0.279697 16.7574 45.4874 -0.130129 -0.0158009 -0.991371 0 0 241
0.753496 14.7608 45.7329 -0.111037 0.176712 -0.977979 0 0 182
0.77 15.2677 45.8971 -0.0893371 0.0998066 -0.990988 0 0 155
0.776559 15.7717 45.8388 -0.101604 0.022631 -0.994568 0 0 178
0.777561 16.2746 45.7028 -0.112935 -0.0139184 -0.993505 0 0 214
0.779485 16.7151 45.5956 -0.159528 -0.0285749 -0.98678 0 0 223
1.26674 15.2812 45.9001 -0.13228 0.119706 -0.983957 0 0 164
1.27647 15.7842 45.8699 -0.156715 0.0284426 -0.987234 0 0 178
1.27866 16.2894 45.7636 -0.124037 -0.0139621 -0.992179 0 0 187
1.28085 16.7985 45.6652 -0.117002 -0.0153456 -0.993013 0 0 214
1.79065 15.3139 45.7591 -0.237828 0.106736 -0.965425 0 0 187
1.76919 15.7895 45.7878 -0.207609 0.06041 -0.976345 0 0 168
1.77792 16.298 45.7504 -0.157058 0.0693231 -0.985153 0 0 200
1.78256 16.8049 45.67 -0.0720997 0.0594783 -0.995622 0 0 227
2.30882 15.6972 45.3527 -0.185664 0.115705 -0.975777 0 0 223
2.30786 16.812 45.5154 -0.0495209 0.172064 -0.98384 0 0 241
3.29174 16.2583 45.4335 0.0116115 0.215713 -0.976388 0 0 218
3.29574 16.892 45.7789 0.00689845 0.269191 -0.963062 0 0 205
3.78613 15.7265 45.4377 0.0635765 0.220812 -0.973242 0 0 205
3.79892 16.3912 45.8108 0.0376249 0.243687 -0.969124 0 0 218
3.79994 16.8898 45.7547 0.0106246 0.277353 -0.960709 0 0 223
4.30137 16.3845 45.8386 0.0347906 0.236528 -0.971002 0 0 196
4.30477 16.8863 45.7314 0.0150874 0.278597 -0.96029 0 0 232
4.78573 15.8373 45.6446 -0.0600048 0.227727 -0.971874 0 0 191
4.80216 16.382 45.7679 -0.0454825 0.260333 -0.964447 0 0 209
4.80875 16.8783 45.7008 -0.00773783 0.253717 -0.967248 0 0 237
5.26543 15.7943 45.4589 -0.0781039 0.215754 -0.973319 0 0 218
5.28699 16.3155 45.5429 -0.0702625 0.245256 -0.966909 0 0 232
5.31131 16.8695 45.6471 -0.0604633 0.266668 -0.96189 0 0 255
6.2827 16.2809 45.4434 -0.0332212 0.208042 -0.977556 0 0 255
6.31675 16.909 45.5515 -0.0279063 0.256392 -0.96617 0 1 255
6.78268 15.8554 45.4864 0.0467259 0.144965 -0.988333 0 0 241
6.80833 16.3876 45.5292 0.014413 0.199646 -0.979762 0 4 255
6.81507 16.8889 45.4549 0.00748885 0.25038 -0.968119 0 29 255
7.30522 15.8678 45.5623 0.0801251 0.129695 -0.988311 0 0 250
7.30903 16.364 45.4978 0.0676172 0.172319 -0.982718 0 9 255
7.76926 14.8278 45.4642 0.0690309 0.100316 -0.992558 0 0 218
7.78577 15.3317 45.51 0.0487125 0.0679086 -0.996502 0 0 241
7.79941 15.8381 45.4894 0.0393594 0.112186 -0.992907 0 0 255
8.2826 14.8158 45.5315 0.00892969 0.0523673 -0.998588 0 0 223
8.28782 15.3106 45.499 0.0131754 0.0596624 -0.998132 0 0 246
9.39204 16.6172 45.6507 0.0185483 0.166067 -0.98594 0 49 255
9.95173 16.5355 45.6958 0.0454188 0.203776 -0.977963 0 52 255
9.93229 16.1168 45.6957 0.0141125 0.170343 -0.985284 0 33 255
10.4306 15.5772 45.6884 0.0151065 0.11205 -0.993588 0 20 255
10.4443 16.0721 45.6727 0.0538321 0.1467 -0.987715 0 49 255
10.4505 16.5716 45.5676 0.0384247 0.189897 -0.981052 0 84 255
10.9035 15.0293 45.626 -0.0335543 0.130477 -0.990883 0 17 255
10.9283 15.521 45.6411 -0.00948529 0.119849 -0.992747 0 36 255
10.935 16.02 45.5314 0.0137401 0.165991 -0.986032 0 68 255
11.392 14.9741 45.5129 -0.103871 0.154022 -0.982592 0 36 255
11.4149 15.469 45.4669 -0.0939411 0.162097 -0.982293 0 61 255
11.6444 16.9447 45.8978 -0.0545866 0.200922 -0.978085 0 109 255
12.1436 16.7944 45.8488 -0.0564031 0.292848 -0.954494 0 121 255
12.6143 16.2367 45.7117 -0.0372788 0.379013 -0.92464 0 121 255
12.626 16.6683 45.7097 0.00784904 0.366347 -0.930445 0 145 255
13.1071 16.2377 45.5615 0.0252806 0.379072 -0.925022 0 153 255
13.1131 16.7354 45.4435 0.00858485 0.381328 -0.9244 0 185 255
14.3445 15.9338 46.149 0.195311 0.322814 -0.926091 0 116 255
14.3664 16.4841 45.8886 0.142991 0.328946 -0.93346 0 173 255
14.3953 17.1385 45.5071 0.0716228 0.318332 -0.94527 12 245 235
14.8313 15.9094 45.6924 0.155989 0.294879 -0.942716 0 165 255
14.8127 16.3924 45.6499 0.161906 0.261989 -0.951393 0 197 255
15.2657 15.7925 45.5151 0.116567 0.304433 -0.945374 0 181 255
15.7094 14.734 45.3739 0.0564459 0.334253 -0.940791 0 136 255
16.0376 15.9856 46.0216 0.0219928 0.287851 -0.957423 0 181 255
16.0781 16.5554 46.146 0.0320192 0.223204 -0.974246 0 213 255
16.5154 15.4994 45.867 0.087433 0.280853 -0.95576 0 173 255
16.5169 15.9835 45.8047 0.0595945 0.246859 -0.967217 0 209 255
16.531 16.5258 45.7333 0.0524755 0.257633 -0.964817 19 253 228
16.9648 14.9149 45.6089 0.0600904 0.303454 -0.950949 0 168 255
16.9609 15.3646 45.6808 0.0511862 0.298791 -0.952945 0 193 255
16.9662 15.8725 45.5609 0.0620798 0.261472 -0.963213 2 232 244
17.3422 16.8499 45.8649 0.0418124 0.283293 -0.958122 51 255 196
17.8308 16.7723 46.2682 0.112315 0.360468 -0.925985 38 255 209
18.2265 15.5476 45.918 0.104797 0.261037 -0.959623 0 229 248
18.2904 15.176 45.9223 0.0913241 0.294931 -0.951144 0 205 255
18.2657 16.1726 45.8808 0.0792331 0.25411 -0.963924 38 255 209
18.1863 16.6183 46.0803 0.114936 0.353618 -0.928302 48 255 199
18.6998 15.0531 45.6798 0.0969503 0.290042 -0.95209 0 225 251
18.7079 15.5726 45.558 0.0959226 0.273689 -0.957023 31 255 215
19.1523 16.9962 46.3832 0.16313 0.364184 -0.916929 80 255 167
19.5724 15.8363 46.2227 0.113713 0.379563 -0.918151 35 255 212
19.5825 16.368 46.105 0.125047 0.37644 -0.917963 70 255 177
19.985 14.6893 46.036 0.00917638 0.384874 -0.922923 0 221 254
19.9938 15.2159 45.9238 0.0136805 0.341587 -0.93975 28 255 219
20.0044 15.7442 45.8129 0.0188657 0.359501 -0.932954 64 255 183
20.017 16.2752 45.703 0.0597038 0.381162 -0.922578 99 255 148
20.4181 15.1254 45.5069 0.0843186 0.387578 -0.917973 57 255 190
20.9128 16.0261 46.4736 0.173027 0.404904 -0.897839 73 255 173
20.9295 16.5699 46.3723 0.172506 0.474182 -0.863361 109 255 138
21.3455 15.9347 46.0583 0.250493 0.416604 -0.873896 102 255 144
21.817 14.8609 45.3996 0.285631 0.335842 -0.897566 96 255 151
21.7537 15.3053 45.7332 0.256982 0.31747 -0.912783 99 255 148
22.2003 14.7824 45.5231 0.297579 0.241707 -0.923593 99 255 148
23.1172 14.9567 46.0733 0.412425 0.130357 -0.901617 112 255 135
23.3689 16.6723 47.6301 0.288773 0.320992 -0.901983 144 255 102
23.7847 16.0146 47.2818 0.313507 0.275403 -0.908772 141 255 106
23.8251 16.5915 47.2369 0.338661 0.259949 -0.904287 177 255 70
24.1944 15.3647 46.9275 0.348786 0.256022 -0.901555 138 255 109
24.2374 15.9384 46.8923 0.350451 0.271841 -0.896263 173 255 73
24.7654 15.9881 46.6607 0.329426 0.303137 -0.894196 209 255 38
25.0287 14.767 47.377 0.213139 0.259311 -0.941982 125 255 122
25.1725 15.3461 46.3198 0.308253 0.316987 -0.896939 209 255 38
25.2755 15.6904 47.7358 0.297361 0.31347 -0.901839 167 255 80
25.7585 15.1523 47.5072 0.388183 0.382182 -0.8386 173 255 73
26.236 15.0981 47.1651 0.375056 0.373827 -0.848284 209 255 38
-8.18192 17.7511 47.7968 -0.486427 0.000846533 -0.873721 0 105 255
-8.17829 17.2088 47.9247 -0.497206 -0.00708421 -0.867604 0 89 255
-6.01944 17.1307 47.8618 -0.452203 0.0616894 -0.889779 0 0 237
-5.88175 17.2642 46.6251 -0.38384 0.117081 -0.915947 0 65 255
-5.38977 17.3251 46.8712 -0.315606 0.0568413 -0.947186 0 20 255
-3.81372 17.0683 46.3719 -0.278625 -0.0841672 -0.956705 0 0 255
8.46974 17.1585 46.0429 0.0304806 0.147012 -0.988665 0 25 255
8.97749 17.2062 45.9488 0.0208486 0.157542 -0.987292 0 49 255
9.47823 17.165 45.8102 0.057194 0.186641 -0.980762 0 65 255
9.9795 17.1229 45.6728 0.0450721 0.221551 -0.974107 0 89 255
11.6641 17.3332 45.9844 -0.0302527 0.292286 -0.955852 0 125 255
12.147 17.26 45.772 -0.0356667 0.35712 -0.933377 0 153 255
12.9016 17.5863 46.4919 0.0603956 0.325347 -0.943664 0 141 255
13.8529 17.3897 46.0956 0.084039 0.335861 -0.938155 0 197 255
14.3015 17.2602 45.8618 0.0716228 0.318332 -0.94527 0 221 254
15.1434 17.2565 46.5755 0.0870264 0.268868 -0.959237 0 197 255
15.5873 17.5918 46.0151 0.0915103 0.221696 -0.970812 35 255 212
15.6252 17.1745 46.4645 0.0683628 0.236107 -0.969319 0 213 255
16.1265 17.2296 46.0656 0.0271958 0.232197 -0.972288 25 255 222
16.5799 17.0805 45.6156 0.0665202 0.233242 -0.970141 57 255 190
17.8446 17.3186 45.9638 0.112315 0.360468 -0.925985 86 255 160
19.6183 17.9534 47.3583 0.172476 0.423305 -0.889418 109 255 138
20.0581 17.3061 47.0773 0.173899 0.458413 -0.87156 93 255 154
23.4069 17.2528 47.5761 0.264892 0.375242 -0.888271 183 255 64
16.7242 -16.5389 50.2379 -0.827923 -0.502742 -0.248585 0 61 255
17.2249 -16.4656 49.8805 -0.579486 0.172312 -0.796558 0 57 255
20.6016 -16.8855 50.3465 0.605749 0.00805366 -0.795615 0 205 255
21.0808 -16.7973 49.9144 0.602512 -0.126896 -0.787957 0 181 255
0.742396 -12.863 49.7645 -0.691678 -0.672319 -0.26376 6 237 241
1.81062 -13.4886 49.747 -0.405153 -0.820974 -0.40231 0 189 255
2.34809 -13.5022 49.8037 -0.25952 -0.87344 -0.412009 0 165 255
2.88659 -13.5133 49.8458 -0.0878361 -0.832712 -0.546696 0 141 255
9.31843 -12.9106 49.34 -0.24053 -0.769084 -0.592161 0 0 255
11.3919 -12.8774 48.6667 -0.114786 -0.840211 -0.529972 0 0 182
11.8995 -12.8443 48.4588 -0.0862273 -0.828592 -0.553172 0 0 173
12.9762 -13.4062 50.4681 0.134534 -0.889101 -0.437494 0 13 255
14.0003 -13.2409 49.9147 0.365086 -0.626477 -0.68865 0 41 255
20.1975 -12.7495 50.2973 0.0627662 -0.563423 -0.823781 109 255 138
0.717201 -10.2773 48.0795 -0.727716 -0.00349962 -0.68587 164 255 83
5.86841 -11.4764 48.0236 0.397671 -0.450156 -0.799511 0 209 255
6.52394 -11.6592 49.0265 0.288615 -0.59591 -0.749394 0 113 255
6.8758 -10.7561 48.1586 -0.0179951 -0.586204 -0.809963 0 109 255
6.90455 -10.5953 47.7668 -0.0238764 -0.586361 -0.809698 0 121 255
7.04825 -11.6508 48.9542 0.119628 -0.674116 -0.728873 0 84 255
7.57081 -11.6401 48.8675 -0.00374752 -0.718351 -0.695671 0 61 255
7.57495 -11.1203 48.987 -0.104759 -0.729698 -0.675696 0 25 255
7.73808 -12.4353 49.8414 0.00217442 -0.751735 -0.659461 0 20 255
8.08696 -12.1458 48.6415 -0.139667 -0.745973 -0.651166 0 68 255
8.2725 -11.9583 49.8578 -0.179897 -0.726812 -0.662859 0 0 232
8.80226 -11.9428 49.7402 -0.240038 -0.72245 -0.648419 0 0 205
9.11999 -12.1112 48.3951 -0.299947 -0.718218 -0.627849 0 17 255
9.13103 -11.6519 48.5357 -0.293793 -0.72548 -0.622386 0 0 255
9.63795 -11.6457 48.3822 -0.269243 -0.736122 -0.620993 0 0 237
9.84846 -12.4329 49.3335 -0.257621 -0.767334 -0.587222 0 0 209
10.1432 -12.1375 48.1016 -0.211288 -0.702339 -0.679763 0 0 250
11.9104 -12.3961 48.6135 -0.0862273 -0.828592 -0.553172 0 0 132
12.9127 -11.7316 48.2641 0.0613239 -0.818053 -0.571864 0 0 200
13.4125 -11.7682 48.0374 0.128005 -0.778803 -0.614069 0 0 191
16.0441 -11.0641 49.3005 0.486997 -0.642431 -0.591706 0 185 255
17.4068 -10.6845 49.868 0.0949457 -0.671614 -0.734792 60 255 186
17.883 -10.6333 49.4877 0.114238 -0.675196 -0.728738 57 255 190
18.791 -10.8377 50.2716 -0.0688 -0.577425 -0.81354 128 255 119
18.7998 -10.2871 50.3907 0.0507568 -0.594814 -0.802259 157 255 90
19.2689 -10.233 49.9704 0.139034 -0.475726 -0.868536 144 255 102
19.7288 -10.177 49.5368 0.086697 -0.46081 -0.883254 125 255 122
20.6749 -10.3231 50.3696 -0.0369865 -0.488342 -0.871868 206 255 41
21.1174 -10.2635 49.9099 0.00610721 -0.487208 -0.873264 183 255 64
22.5163 -10.919 49.9057 -0.128074 -0.457188 -0.8801 186 255 60
22.9864 -10.3788 49.5747 -0.103033 -0.443292 -0.890436 180 255 67
24.4806 -11.7407 49.6768 0.0850868 -0.541415 -0.836439 170 255 77
25.9569 -10.0891 50.1402 0.0843697 -0.562224 -0.82267 238 255 9
25.9603 -10.6656 50.0572 0.0916681 -0.558371 -0.824511 225 255 22
0.211234 -8.80014 48.2692 -0.861564 0.0553569 -0.504622 131 255 115
0.212809 -8.29233 48.3651 -0.858272 0.0379519 -0.51179 109 255 138
0.719235 -9.70887 48.2169 -0.798217 0.0313471 -0.601553 148 255 99
17.3905 -9.98776 49.9154 0.250576 -0.629357 -0.73561 90 255 157
17.9609 -7.6334 48.4578 0.496159 -0.269127 -0.825468 90 255 157
18.3406 -9.35301 49.2488 0.423355 -0.513887 -0.746117 99 255 148
18.3756 -8.96585 49.4253 0.483542 -0.46311 -0.742776 125 255 122
18.3836 -8.42691 49.5248 0.395621 -0.499961 -0.770405 151 255 96
18.4124 -8.18841 47.9929 0.423118 -0.29173 -0.857826 44 255 202
18.4201 -7.66431 48.0841 0.400661 -0.29056 -0.868934 67 255 180
18.8118 -9.37895 48.8737 0.350806 -0.62915 -0.693618 80 255 167
19.2702 -8.79609 48.5566 0.379229 -0.45632 -0.804958 83 255 164
19.7271 -9.90947 49.3118 0.077028 -0.559909 -0.824966 115 255 131
19.7628 -7.99403 49.9516 0.201035 -0.312959 -0.928247 219 255 28
20.1994 -7.87464 49.4685 0.0121642 -0.341458 -0.939818 193 255 54
20.205 -8.49192 49.4073 0.0762404 -0.441796 -0.89387 170 255 77
20.6404 -8.25305 48.5028 0.238638 -0.524035 -0.817582 115 255 131
20.6829 -9.81597 50.4079 -0.013278 -0.426417 -0.904429 222 255 25
21.0771 -8.39071 48.4742 0.0481728 -0.57614 -0.81593 122 255 125
21.134 -9.75808 49.9362 -0.0201888 -0.451253 -0.892168 196 255 51
21.1414 -9.19597 50.0635 -0.0390758 -0.309456 -0.950111 219 255 28
21.5527 -9.58646 49.4608 0.00314155 -0.418992 -0.907984 170 255 77
21.5833 -7.97381 49.7143 -0.235629 -0.465933 -0.852869 235 255 12
21.5862 -9.20474 49.4634 0.012777 -0.426188 -0.904544 183 255 64
22.0235 -8.54803 49.1598 -0.0669017 -0.486808 -0.870943 183 255 64
22.4435 -7.82395 49.004 0.0356612 -0.447675 -0.893485 199 255 48
22.5591 -9.8864 50.1879 -0.092304 -0.47437 -0.875473 231 255 15
22.583 -9.44556 50.2771 -0.0823697 -0.476167 -0.875488 251 241 0
22.8903 -7.82001 48.6137 0.042969 -0.373886 -0.926479 173 255 73
22.9935 -9.8189 49.6853 -0.0869337 -0.502482 -0.860206 202 255 44
22.9995 -9.26628 49.7789 -0.0989732 -0.443028 -0.891028 222 255 25
23.0018 -8.73076 49.8397 -0.132112 -0.431607 -0.892335 241 252 6
23.4367 -8.62746 49.3965 -0.143984 -0.445975 -0.883388 212 255 35
23.4586 -9.24449 49.3814 -0.128758 -0.444937 -0.886257 199 255 48
23.8497 -8.04521 48.9118 -0.142403 -0.353161 -0.924661 193 255 54
23.8708 -8.67286 48.882 -0.114394 -0.44407 -0.88866 177 255 70
24.0204 -10.0108 50.4343 0.0368367 -0.54461 -0.83788 255 222 0
24.2587 -7.97944 48.4084 -0.136351 -0.381499 -0.914258 154 255 93
24.2881 -8.56323 48.4582 -0.0956103 -0.405081 -0.909268 144 255 102
24.4491 -9.94369 49.9058 0.0344892 -0.555589 -0.830742 225 255 22
24.451 -9.39521 49.98 -0.0314788 -0.631593 -0.774661 244 248 2
24.8726 -9.32355 49.4591 0.0291191 -0.529199 -0.847998 202 255 44
25.2938 -8.15799 49.054 0.0424215 -0.41806 -0.907429 190 255 57
25.3205 -9.34657 48.9933 0.0399434 -0.525166 -0.850062 164 255 83
25.6949 -8.0889 48.5632 0.13014 -0.373494 -0.918458 141 255 106
25.6983 -8.64954 48.4848 0.0748311 -0.443749 -0.893021 131 255 115
25.9547 -8.93895 50.3014 0.100772 -0.55994 -0.822382 255 222 0
26.3794 -9.45487 49.6913 0.110707 -0.540972 -0.833722 206 255 41
26.7851 -7.69202 49.3581 0.233466 -0.438586 -0.867834 183 255 64
26.7898 -8.26006 49.2993 0.260418 -0.391542 -0.88254 177 255 70
26.792 -8.82155 49.2518 0.202941 -0.463989 -0.862281 170 255 77
27.1999 -7.64632 48.8367 0.246522 -0.420929 -0.872952 128 255 119
27.2427 -8.29318 48.8472 0.233466 -0.438586 -0.867834 128 255 119
27.9597 -9.02374 50.0619 0.275696 -0.390985 -0.878136 206 255 41
27.9743 -9.60873 50.0124 0.220645 -0.501194 -0.836732 202 255 44
28.3359 -7.73518 49.594 0.322278 -0.398617 -0.858627 151 255 96
28.4037 -8.9786 49.5785 0.282124 -0.387057 -0.877834 154 255 93
30.0572 -7.88906 50.0591 0.423623 -0.289495 -0.858333 119 255 128
30.1294 -8.56903 50.1181 0.374821 -0.346136 -0.860058 131 255 115
-0.204629 -6.90487 49.6698 -0.856572 0.0781808 -0.510071 0 225 251
-0.349214 -6.38113 49.6539 -0.859607 0.107155 -0.499593 0 209 255
-0.353319 -5.85209 49.7198 -0.822909 0.139538 -0.550772 0 177 255
-0.278278 -5.41476 49.8202 -0.747704 0.217569 -0.627378 0 145 255
0.293686 -6.77535 48.669 -0.877636 0.119034 -0.464312 22 255 225
0.196755 -6.25297 48.6902 -0.85741 0.185375 -0.480088 9 241 238
0.222463 -5.74858 48.7773 -0.837475 0.244819 -0.48857 0 205 255
0.220785 -7.43789 49.6285 -0.857704 0.0622017 -0.510367 2 232 244
0.367204 -5.27897 48.9414 -0.833762 0.264241 -0.484786 0 165 255
0.616973 -5.14393 48.873 -0.803316 0.291102 -0.51956 0 149 255
17.9606 -7.03714 48.5237 0.423409 -0.32334 -0.846272 112 255 135
18.4418 -6.08959 48.3241 0.227229 -0.333207 -0.915063 135 255 112
18.857 -6.70168 49.3555 0.366131 -0.460044 -0.808893 199 255 48
18.8735 -5.50156 48.0358 -0.0202833 -0.39815 -0.917096 138 255 109
19.2894 -7.34126 50.4237 0.351541 -0.340062 -0.872225 255 222 0
19.7935 -7.25803 48.1016 0.0583812 -0.230514 -0.971316 102 255 144
19.8104 -6.75654 48.3587 0.102025 -0.404637 -0.908768 138 255 109
19.7593 -7.37401 50.0126 0.204902 -0.419981 -0.884099 241 252 6
20.1532 -6.5497 48.1522 -0.0958905 -0.353807 -0.93039 135 255 112
20.1806 -7.18684 47.9831 -0.0407097 -0.233113 -0.971597 102 255 144
20.1998 -5.62854 48.1659 -0.178867 -0.568087 -0.803295 167 255 80
20.2366 -6.31661 49.7508 -0.224596 -0.657069 -0.719595 255 226 0
20.6771 -6.27964 49.286 -0.235273 -0.57909 -0.780578 238 255 9
21.0617 -7.38918 48.5496 -0.125831 -0.584951 -0.801248 157 255 90
21.5442 -6.87525 47.9566 0.163647 -0.338885 -0.926486 141 255 106
21.4925 -6.28726 48.1328 0.0283907 -0.386128 -0.922008 170 255 77
22.0387 -7.452 49.3427 -0.049305 -0.40473 -0.913106 231 255 15
22.473 -6.90125 48.8231 0.0142487 -0.355481 -0.934575 215 255 31
22.8635 -7.29472 48.4454 -0.0326259 -0.41011 -0.911452 177 255 70
22.8633 -6.75343 48.532 -0.00405229 -0.401427 -0.915882 199 255 48
22.8806 -6.25836 48.5021 -0.0702183 -0.45294 -0.888771 209 255 38
22.8902 -5.73376 48.5371 0.0266188 -0.497615 -0.866989 219 255 28
23.852 -7.51134 48.9505 -0.121024 -0.312771 -0.942087 212 255 35
23.8664 -6.3916 49.1422 -0.080956 -0.365932 -0.927114 244 248 2
24.2476 -6.66814 48.7931 -0.0955681 -0.380605 -0.919786 206 255 41
24.263 -7.45606 48.4377 -0.113781 -0.314424 -0.942439 167 255 80
24.2686 -6.36069 48.5788 -0.0605193 -0.343178 -0.937318 193 255 54
24.6349 -6.75507 47.9994 -0.0763284 -0.334249 -0.939389 135 255 112
24.6712 -6.33011 48.0206 -0.0702876 -0.387589 -0.919149 138 255 109
25.2406 -7.42828 49.0745 0.0845293 -0.362453 -0.928161 199 255 48
25.6509 -7.43013 48.6567 0.0639816 -0.328557 -0.942315 154 255 93
25.7087 -7.00645 48.6177 0.0594986 -0.353538 -0.933526 151 255 96
26.0674 -6.85777 48.1146 0.132854 -0.356081 -0.924963 106 255 141
26.0338 -6.24128 48.316 0.113318 -0.429225 -0.896061 119 255 128
26.0742 -5.21249 48.2662 0.149485 -0.386884 -0.909931 102 255 144
27.1618 -6.44201 48.8863 0.256015 -0.408721 -0.876016 125 255 122
27.1538 -6.98287 48.8746 0.249883 -0.379717 -0.890715 131 255 115
27.5625 -5.28737 48.4506 0.280542 -0.353529 -0.892364 64 255 183
27.59 -5.91989 48.4523 0.293834 -0.391945 -0.871803 73 255 173
27.994 -5.33133 47.9845 0.325051 -0.317593 -0.890773 12 245 235
28.3261 -7.15839 49.6374 0.396749 -0.319851 -0.860398 144 255 102
28.7489 -6.54905 49.1837 0.427669 -0.321571 -0.844802 90 255 157
29.9576 -5.45836 50.0952 0.424127 -0.345392 -0.83715 70 255 177
29.9652 -6.04262 50.0653 0.434284 -0.334964 -0.83618 86 255 160
30.045 -6.78825 50.1485 0.389431 -0.303308 -0.869682 106 255 141
30.0693 -7.37937 50.1359 0.388892 -0.281499 -0.877224 115 255 131
30.4411 -6.02175 49.6423 0.389458 -0.320432 -0.863508 35 255 212
30.446 -5.51465 49.6951 0.433347 -0.336565 -0.836023 25 255 222
30.4933 -6.68645 49.6822 0.378081 -0.295815 -0.877239 54 255 193
-0.71217 -3.20717 50.1046 -0.497115 -0.285727 -0.81929 0 36 255
-0.732666 -2.68096 50.1343 -0.384977 -0.436859 -0.812986 0 13 255
-0.0678767 -4.89631 50.1024 -0.722199 0.187749 -0.665717 0 89 255
-0.283832 -3.25858 50.0783 -0.571964 -0.129007 -0.810071 0 20 255
-0.247353 -2.78329 50.1566 -0.494477 -0.352511 -0.794499 0 0 255
0.125019 -4.79917 49.9279 -0.713253 0.212606 -0.667884 0 93 255
0.22029 -4.31039 50.0583 -0.695964 0.131469 -0.705939 0 45 255
0.167076 -3.79252 50.0473 -0.641031 -0.0529023 -0.76569 0 25 255
0.183291 -3.27882 50.1123 -0.600226 -0.139243 -0.787617 0 0 255
0.156395 -2.7731 50.1151 -0.500789 -0.285698 -0.81706 0 0 241
0.794683 -4.30148 49.0823 -0.734203 0.252749 -0.63013 0 84 255
0.923477 -3.7324 49.2824 -0.689565 0.10535 -0.716521 0 41 255
0.872562 -3.20031 49.2941 -0.648746 0.00811907 -0.760961 0 13 255
0.802271 -2.67553 49.2984 -0.519683 -0.123164 -0.845435 0 0 255
1.13253 -4.60397 47.9493 -0.706476 0.329885 -0.626153 0 161 255
1.43348 -3.22411 48.3686 -0.732859 0.10089 -0.672858 0 49 255
1.24661 -4.22674 49.1322 -0.779468 0.283309 -0.558718 0 52 255
1.2841 -3.72116 49.2188 -0.743677 0.126313 -0.656498 0 20 255
1.23024 -2.69116 49.2545 -0.609757 -0.0538847 -0.790754 0 0 246
1.69533 -4.13112 48.1126 -0.68572 0.347125 -0.639759 0 97 255
27.9549 -3.04191 48.0515 0.352413 -0.193857 -0.915546 0 189 255
27.9575 -3.5953 48.0294 0.342099 -0.19084 -0.920081 0 205 255
27.9612 -4.14916 48.0045 0.340181 -0.233949 -0.910794 0 221 254
27.966 -4.70359 47.9772 0.318707 -0.310052 -0.895709 2 232 244
29.625 -3.09794 48.2972 0.438484 -0.231224 -0.868486 0 113 255
29.581 -3.66344 48.3617 0.448841 -0.267768 -0.85255 0 141 255
29.5857 -4.22761 48.3611 0.458177 -0.291425 -0.839729 0 161 255
29.9677 -4.95016 50.1541 0.423409 -0.299895 -0.854861 60 255 186
30.4533 -5.00702 49.7441 0.426075 -0.299042 -0.853835 12 245 235
30.8887 -3.76126 49.3052 0.515377 -0.231393 -0.825132 0 136 255
30.8977 -4.33804 49.3172 0.462744 -0.258808 -0.847872 0 161 255
30.9184 -4.91874 49.318 0.426075 -0.299042 -0.853835 0 185 255
32.2944 -3.27214 50.3883 0.512335 -0.14568 -0.846339 0 105 255
32.3071 -3.86665 50.4082 0.49788 -0.178596 -0.848658 0 133 255
32.3088 -4.38649 50.3838 0.500921 -0.226632 -0.835294 0 161 255
32.362 -5.06089 50.4347 0.506271 -0.262884 -0.821329 0 193 255
32.8395 -3.27364 50.1552 0.563153 -0.135455 -0.815175 0 61 255
32.925 -4.98658 50.1619 0.513014 -0.255572 -0.819451 0 133 255
-3.44901 -2.23592 50.3969 -0.291628 -0.386055 -0.875165 0 129 255
-2.69834 -0.46993 49.9084 -0.434337 -0.435306 -0.788581 0 25 255
-2.27105 -1.06509 49.8766 -0.437136 -0.390591 -0.810155 0 29 255
-2.3083 -0.588906 49.8222 -0.443062 -0.429667 -0.786818 0 17 255
-1.79147 -1.62261 49.927 -0.34132 -0.479859 -0.80823 0 33 255
-1.85749 -1.17863 49.819 -0.397148 -0.463171 -0.792304 0 20 255
-1.88398 -0.683307 49.7964 -0.41449 -0.413853 -0.810508 0 0 255
-1.333 -1.69135 49.9442 -0.343907 -0.468389 -0.813842 0 4 255
-1.3984 -1.30937 49.8202 -0.371901 -0.48604 -0.790857 0 1 255
-1.44386 -0.8385 49.7446 -0.356531 -0.426399 -0.831306 0 0 255
-0.800648 -2.20413 50.0665 -0.374918 -0.463548 -0.802845 0 0 255
-0.701338 -1.55153 49.1941 -0.2611 -0.437202 -0.860628 0 20 255
-0.736218 -1.07853 49.1552 -0.291055 -0.405923 -0.866322 0 0 255
-0.775945 -0.67839 49.0669 -0.292554 -0.392758 -0.871868 0 0 255
-0.352106 -2.255 50.0605 -0.422345 -0.395318 -0.815689 0 0 246
-0.205452 -1.57862 49.2844 -0.262182 -0.413688 -0.87185 0 0 255
-0.249197 -1.10659 49.2194 -0.256483 -0.426626 -0.867299 0 0 237
-0.303299 -0.660452 49.098 -0.288374 -0.413904 -0.863437 0 0 218
0.40165 -0.434281 48.6737 -0.246254 -0.399301 -0.883129 0 0 196
0.356007 -2.10973 49.3864 -0.356399 -0.308778 -0.881837 0 0 246
0.308527 -1.60124 49.3579 -0.335135 -0.383152 -0.860743 0 0 218
0.251837 -1.13136 49.2738 -0.281382 -0.422068 -0.86179 0 0 200
1.18565 -1.40687 49.1269 -0.297077 -0.297532 -0.907315 0 0 178
0.853805 -2.14811 49.4055 -0.501668 -0.208019 -0.839677 0 0 214
0.720408 -1.1699 49.2608 -0.280147 -0.390221 -0.877066 0 0 191
0.597453 -0.784412 48.959 -0.27072 -0.402226 -0.8746 0 0 196
1.24158 -0.617963 48.3755 -0.278466 -0.434612 -0.856487 0 0 205
1.21427 -2.1858 49.2682 -0.4845 -0.194715 -0.852846 0 0 205
1.19208 -1.69852 49.2327 -0.422189 -0.218429 -0.879799 0 0 182
1.11013 -1.24033 49.0766 -0.320086 -0.331718 -0.887417 0 0 187
1.87959 -2.64149 48.4724 -0.720807 0.109806 -0.684383 0 0 255
1.73217 -1.68473 48.3467 -0.621612 0.0442192 -0.782076 0 0 214
1.74833 -1.12064 48.4161 -0.518578 -0.217052 -0.827022 0 0 191
1.74375 -0.686636 48.4109 -0.398289 -0.337872 -0.852765 0 0 187
2.27793 -1.11823 48.5031 -0.557465 -0.0947276 -0.824779 0 0 164
2.24804 -0.624643 48.4699 -0.467494 -0.169623 -0.86757 0 0 155
2.70606 -1.13138 48.4007 -0.548575 0.00206993 -0.836099 0 0 146
27.948 -1.86826 48.0799 0.390499 -0.202317 -0.898097 0 145 255
27.9531 -2.4889 48.0705 0.385905 -0.194151 -0.901877 0 168 255
29.7221 -1.90262 48.1422 0.466387 -0.11152 -0.877523 0 41 255
29.8113 -0.219165 48.0486 0.519754 -0.114705 -0.84658 0 0 218
29.6756 -2.53404 48.224 0.427426 -0.128097 -0.894929 0 77 255
29.906 -0.78447 48.1081 0.487891 -0.116308 -0.865121 0 0 246
29.9062 -1.4112 48.1076 0.477278 -0.128285 -0.869338 0 9 255
29.8325 -1.97338 48.2199 0.466672 -0.109608 -0.877612 0 45 255
30.8367 -0.23279 49.334 0.573087 -0.0664031 -0.8168 0 0 246
30.8441 -2.53245 49.3063 0.560802 -0.143058 -0.815497 0 81 255
31.3284 -0.808249 48.9582 0.570809 -0.0808565 -0.817092 0 0 227
31.3449 -2.52909 48.9499 0.569552 -0.106241 -0.81506 0 33 255
32.3325 -1.42431 50.2586 0.575268 -0.0895529 -0.813048 0 1 255
32.2547 -2.01431 50.369 0.565344 -0.0827792 -0.820691 0 41 255
32.7934 -0.247356 50.093 0.593346 -0.0573799 -0.8029 0 0 187
32.7942 -0.836387 50.0909 0.586642 -0.0647816 -0.807252 0 0 205
32.7965 -1.42583 50.0945 0.576086 -0.084386 -0.813022 0 0 227
32.8065 -2.01594 50.0962 0.568379 -0.0782276 -0.81904 0 0 255
-6.60882 1.4906 50.4018 -0.398758 -0.305754 -0.864585 0 157 255
-6.6328 1.93394 50.3516 -0.37431 -0.327222 -0.867651 0 141 255
-5.4571 1.41205 49.764 -0.29003 -0.281382 -0.914717 0 125 255
-4.98219 1.91882 49.9638 -0.334222 -0.364968 -0.868962 0 61 255
-4.9665 1.40812 49.9886 -0.300076 -0.295281 -0.907063 0 81 255
-4.95565 0.897698 50.0132 -0.279095 -0.321729 -0.904763 0 97 255
-4.50222 1.8948 50.1196 -0.398978 -0.397316 -0.826412 0 20 255
-4.46596 0.420089 50.1821 -0.249597 -0.406901 -0.878711 0 81 255
-4.45861 1.42178 50.2359 -0.308376 -0.323279 -0.894648 0 36 255
-4.43218 -0.0511599 50.2832 -0.218588 -0.405891 -0.887396 0 81 255
-4.46316 0.885031 50.2001 -0.261357 -0.395887 -0.880321 0 57 255
-4.00054 0.880428 50.2612 -0.324339 -0.39591 -0.859104 0 20 255
-3.96607 0.408077 50.3646 -0.317538 -0.374862 -0.871004 0 33 255
-3.93586 -0.0755502 50.4487 -0.299043 -0.418996 -0.857331 0 36 255
-3.82872 1.94451 49.3734 -0.40695 -0.50605 -0.760463 0 33 255
-3.79199 1.469 49.4474 -0.398352 -0.464551 -0.79089 0 36 255
-3.41498 1.90047 49.3606 -0.374185 -0.508545 -0.775479 0 9 255
-3.36005 0.932163 49.468 -0.403001 -0.392246 -0.826882 0 36 255
-3.372 1.37169 49.4423 -0.363789 -0.464378 -0.807472 0 17 255
-3.28714 0.427025 49.5857 -0.419484 -0.422791 -0.803294 0 36 255
-2.95317 1.33578 49.4382 -0.367033 -0.456571 -0.81045 0 1 255
-2.83401 0.369014 49.6557 -0.429987 -0.403063 -0.807869 0 17 255
-2.89982 0.814966 49.5326 -0.418045 -0.390709 -0.820113 0 4 255
-2.74355 1.94076 48.7272 -0.233388 -0.425078 -0.874551 0 9 255
-2.39308 -0.156345 49.6709 -0.417082 -0.410924 -0.810669 0 4 255
-2.48795 0.201452 49.4828 -0.412963 -0.399981 -0.818216 0 17 255
-2.2269 0.930033 48.8842 -0.345355 -0.32649 -0.879849 0 9 255
-2.2686 1.39124 48.793 -0.333893 -0.341466 -0.878588 0 1 255
-2.28745 1.87838 48.7492 -0.269422 -0.363992 -0.891584 0 0 255
-1.69337 0.00605273 49.0829 -0.325529 -0.376964 -0.867138 0 9 255
-1.81146 0.891682 48.8143 -0.338155 -0.326369 -0.882686 0 0 255
-1.75266 0.384827 48.9423 -0.342395 -0.368393 -0.864322 0 4 255
-1.79897 1.35219 48.8478 -0.351548 -0.317885 -0.880547 0 0 237
-1.8317 1.82072 48.7524 -0.304406 -0.329183 -0.893854 0 0 232
-1.26716 -0.0813019 49.0293 -0.347491 -0.356801 -0.867147 0 0 255
-1.288 0.404403 48.9926 -0.340006 -0.369109 -0.864959 0 0 241
-1.33551 0.858984 48.8689 -0.327127 -0.333185 -0.884294 0 0 232
-1.36732 1.26652 48.7641 -0.298313 -0.315927 -0.900666 0 0 218
-0.812267 -0.212831 48.9884 -0.322409 -0.369369 -0.871561 0 0 237
-0.822632 0.286812 48.9762 -0.322509 -0.361162 -0.874957 0 0 214
-0.642388 0.974296 48.442 -0.295092 -0.321127 -0.899888 0 0 214
-0.696103 1.40728 48.2872 -0.282683 -0.309793 -0.90781 0 0 214
-0.733678 1.86591 48.1704 -0.307123 -0.296399 -0.904335 0 0 209
-0.354246 -0.215473 48.9641 -0.269785 -0.379161 -0.885129 0 0 209
-0.40088 0.239234 48.8362 -0.272447 -0.353717 -0.894794 0 0 209
-0.240084 0.923091 48.2579 -0.297863 -0.327573 -0.896646 0 0 205
-0.2536 1.34436 48.2087 -0.314464 -0.318512 -0.894239 0 0 196
-0.288845 1.80749 48.0976 -0.308422 -0.303892 -0.901402 0 0 209
0.292704 -0.0410789 48.4159 -0.28442 -0.402806 -0.869973 0 0 209
0.250931 0.345993 48.2926 -0.322941 -0.364684 -0.873335 0 0 196
0.230714 0.823589 48.2417 -0.338777 -0.333856 -0.879642 0 0 200
0.191972 1.34719 48.1421 -0.312925 -0.297858 -0.901864 0 0 164
0.167735 1.76146 48.053 -0.274682 -0.278184 -0.920415 0 0 164
0.741799 -0.106538 48.3395 -0.304635 -0.438245 -0.845659 0 0 200
0.719368 0.30384 48.2724 -0.322321 -0.395609 -0.860002 0 0 178
0.72355 0.811105 48.2942 -0.314665 -0.334784 -0.888204 0 0 159
1.20454 -0.158591 48.2891 -0.290644 -0.417272 -0.861052 0 0 178
1.69251 -0.165367 48.3196 -0.27408 -0.410677 -0.869612 0 0 159
2.65054 -0.166212 48.3088 -0.291995 -0.246997 -0.923976 0 0 187
29.9748 0.958161 48.078 0.55061 -0.0451866 -0.833539 0 0 205
30.0021 1.52125 48.0635 0.549092 -0.0380963 -0.834893 0 0 168
30.0241 2.08026 48.0595 0.554446 -0.0426463 -0.831126 0 0 187
30.8405 0.341564 49.3392 0.58341 -0.0611503 -0.809872 0 0 214
31.3337 -0.165405 48.9705 0.577211 -0.0628757 -0.814171 0 0 178
31.3409 0.407373 48.9813 0.579647 -0.0562506 -0.812924 0 0 164
31.3609 2.05624 48.9854 0.567727 -0.0416331 -0.822163 0 0 200
31.3635 1.05093 49.0124 0.58376 -0.0366075 -0.811101 0 0 159
31.881 0.473417 48.7 0.584079 -0.0517911 -0.810043 0 0 173
32.8172 1.00302 50.1251 0.599889 -0.0631887 -0.797584 0 0 182
32.8328 1.59278 50.1407 0.591493 -0.0616992 -0.803946 0 0 205
32.8523 2.1833 50.1593 0.591509 -0.0720937 -0.803069 0 0 232
-7.61163 3.45239 49.8036 -0.464554 -0.277678 -0.840883 0 177 255
-7.59291 3.00616 49.8531 -0.47251 -0.290218 -0.832171 0 193 255
-7.19328 4.02194 49.9474 -0.463969 -0.218716 -0.858427 0 121 255
-7.12806 3.45967 50.0807 -0.42588 -0.286867 -0.858099 0 129 255
-7.11851 3.00378 50.1153 -0.442247 -0.297146 -0.84624 0 149 255
-7.10042 2.48771 50.1522 -0.406444 -0.310326 -0.859361 0 165 255
-6.63923 3.53677 50.3616 -0.398952 -0.304876 -0.864805 0 77 255
-6.6245 3.013 50.3949 -0.401864 -0.318784 -0.858418 0 93 255
-6.62677 2.47549 50.3807 -0.403881 -0.312952 -0.859617 0 116 255
-6.43237 4.55726 49.2949 -0.382666 -0.412305 -0.826784 0 97 255
-5.99249 4.51969 49.4537 -0.359811 -0.437523 -0.824081 0 61 255
-5.98287 4.00444 49.4823 -0.339826 -0.401299 -0.850575 0 77 255
-5.60535 3.88658 49.4817 -0.42979 -0.394334 -0.812269 0 57 255
-5.42425 3.01688 49.8468 -0.387116 -0.369156 -0.844905 0 57 255
-5.33814 2.55113 50.0019 -0.380001 -0.305603 -0.873044 0 57 255
-5.28964 4.50595 48.7234 -0.400206 -0.396686 -0.826121 0 81 255
-5.01073 2.42321 49.9205 -0.447787 -0.367009 -0.815347 0 52 255
-4.91687 4.42306 48.7453 -0.435531 -0.27022 -0.858658 0 57 255
-4.8282 3.97001 48.9031 -0.483101 -0.25803 -0.83668 0 49 255
-4.76448 3.5056 49.008 -0.536122 -0.323649 -0.779631 0 57 255
-4.63337 3.08363 49.2214 -0.545198 -0.385717 -0.7443 0 49 255
-4.52974 3.84437 48.7921 -0.478574 -0.223493 -0.849128 0 45 255
-4.52024 3.31553 48.7817 -0.496494 -0.314888 -0.808913 0 65 255
-4.2549 2.51395 49.2921 -0.464957 -0.470671 -0.749856 0 41 255
-4.15319 4.47561 48.2389 -0.384964 -0.210791 -0.898538 0 45 255
-4.17595 2.99128 48.2986 -0.343504 -0.341725 -0.874774 0 89 255
-3.77749 4.39721 48.1881 -0.385146 -0.215005 -0.897461 0 29 255
-3.77026 3.89565 48.2216 -0.337934 -0.221418 -0.914754 0 41 255
-3.82234 3.33061 48.0779 -0.303424 -0.255978 -0.917829 0 73 255
-3.81161 2.82596 48.0954 -0.26123 -0.340741 -0.903136 0 89 255
-3.71549 2.46453 48.4337 -0.243099 -0.403338 -0.882168 0 77 255
-3.7085 2.41459 48.4777 -0.255716 -0.399549 -0.880324 0 77 255
-3.28495 3.96457 48.3986 -0.255334 -0.239242 -0.936786 0 1 255
-3.31853 4.37435 48.2848 -0.276935 -0.26168 -0.924571 0 0 255
-3.27968 2.39472 48.4453 -0.204325 -0.428031 -0.880364 0 49 255
-3.30805 3.29053 48.3022 -0.254621 -0.294128 -0.921226 0 29 255
-2.81388 3.4253 48.4827 -0.0971331 -0.308663 -0.946199 0 0 255
-2.79159 2.3805 48.5801 -0.18609 -0.442299 -0.87735 0 9 255
-2.82107 2.8422 48.4733 -0.168474 -0.370617 -0.913378 0 1 255
-2.84617 3.83056 48.3616 -0.14915 -0.295319 -0.943685 0 0 241
-2.3343 2.89496 48.5911 -0.151935 -0.343501 -0.926781 0 0 237
-2.29566 2.37274 48.7162 -0.24755 -0.350268 -0.903344 0 0 237
-2.37517 3.28023 48.4173 -0.13445 -0.304505 -0.942974 0 0 227
-1.86697 2.28881 48.639 -0.291363 -0.317684 -0.902322 0 0 227
-1.26902 3.38862 47.9228 -0.296012 -0.294399 -0.908684 0 0 196
-0.767895 2.33013 48.0574 -0.308036 -0.284248 -0.907919 0 0 200
-0.783123 2.81515 48.0007 -0.306544 -0.27191 -0.912193 0 0 187
-0.819095 3.77004 47.8495 -0.227163 -0.272045 -0.935088 0 0 164
-0.319218 2.27886 48.0005 -0.296951 -0.270436 -0.915797 0 0 182
-0.339833 2.76108 47.933 -0.258412 -0.268472 -0.92798 0 0 159
30.0466 2.63977 48.0571 0.563838 -0.0509488 -0.824313 0 0 209
30.0891 3.76215 48.0658 0.536793 0.00143488 -0.843712 0 9 255
30.1052 3.27178 48.0837 0.549198 -0.030193 -0.835147 0 0 250
30.1092 4.32509 48.0781 0.511589 0.0110689 -0.859159 0 41 255
31.4 2.70259 49.0307 0.556737 -0.0381417 -0.829812 0 0 237
31.4216 3.27839 49.0471 0.550132 -0.0337627 -0.834395 0 4 255
31.5348 4.43483 49.008 0.529272 -0.0459554 -0.847206 0 73 255
31.5508 3.93086 49.0189 0.537097 -0.0601895 -0.84137 0 49 255
31.9391 4.50089 49.0587 0.5311 -0.0501734 -0.845822 0 97 255
32.8722 2.77478 50.1857 0.59584 -0.0670811 -0.800297 0 0 255
32.945 3.44338 50.2382 0.561507 -0.120176 -0.818699 0 36 255
33.0721 4.03835 50.163 0.52713 -0.13547 -0.838917 0 81 255
33.5507 3.44295 50.0902 0.549585 -0.163889 -0.819205 0 84 255
33.6035 4.04017 50.1247 0.548225 -0.149657 -0.822832 0 116 255
33.6544 4.63977 50.1765 0.540907 -0.129066 -0.831121 0 153 255
-9.29963 6.7704 49.9044 -0.657527 -0.373752 -0.654192 0 153 255
-8.81687 6.73432 50.2692 -0.601199 -0.363711 -0.711529 0 100 255
-8.83649 6.17604 50.2699 -0.577818 -0.390702 -0.716574 0 121 255
-8.78342 5.66912 50.3483 -0.596578 -0.391354 -0.700668 0 129 255
-8.53768 7.19745 49.08 -0.492504 -0.350019 -0.796822 0 161 255
-8.12407 6.67109 49.3703 -0.492391 -0.400137 -0.772944 0 125 255
-7.6528 6.15424 49.6893 -0.508387 -0.398052 -0.763608 0 89 255
-7.62485 5.64185 49.7553 -0.536773 -0.348157 -0.768545 0 97 255
-7.6141 5.04859 49.7899 -0.562408 -0.253349 -0.787091 0 116 255
-7.40126 7.04029 48.6108 -0.418138 -0.206342 -0.884637 0 129 255
-6.94577 7.05221 48.8541 -0.430294 -0.23902 -0.870469 0 84 255
-6.84369 6.59333 49.0673 -0.443974 -0.298073 -0.845009 0 73 255
-6.6122 6.46087 48.8951 -0.499992 -0.29743 -0.813353 0 77 255
-6.5848 5.92677 48.9319 -0.463714 -0.353723 -0.812311 0 93 255
-6.42492 5.09975 49.315 -0.468161 -0.401728 -0.787045 0 77 255
-6.20265 6.98459 48.2137 -0.48578 -0.213238 -0.847672 0 93 255
-6.21835 5.53517 48.2791 -0.430663 -0.368048 -0.824057 0 133 255
-5.98905 4.98058 49.445 -0.451514 -0.417337 -0.788647 0 45 255
-5.90315 6.96482 48.1074 -0.418687 -0.259456 -0.870278 0 84 255
-5.89449 6.38811 48.1766 -0.40291 -0.272115 -0.873852 0 97 255
-5.89142 5.9367 48.2015 -0.422594 -0.349157 -0.836363 0 109 255
-5.83273 5.46996 48.341 -0.407088 -0.381618 -0.829847 0 105 255
-5.49335 6.3381 48.215 -0.353913 -0.307469 -0.883294 0 68 255
-5.4175 5.93729 48.4024 -0.36136 -0.371004 -0.855438 0 65 255
-5.36913 5.46838 48.5441 -0.374414 -0.394899 -0.838969 0 65 255
-5.36033 4.96126 48.5788 -0.375638 -0.407322 -0.832457 0 77 255
-4.94495 5.42531 48.6381 -0.36005 -0.391002 -0.847043 0 33 255
-4.92198 4.93189 48.7132 -0.394877 -0.374228 -0.839062 0 41 255
-3.8357 5.36282 48.0132 -0.400031 -0.340102 -0.851062 0 13 255
-3.93243 6.23611 47.7016 -0.397875 -0.302502 -0.866134 0 17 255
-3.77937 4.90359 48.1691 -0.388087 -0.306499 -0.869165 0 13 255
-3.46629 5.174 47.8376 -0.375409 -0.361853 -0.853306 0 9 255
30.1822 4.96438 48.1294 0.502496 0.011073 -0.864509 0 77 255
30.2117 5.53186 48.1504 0.496423 0.0315798 -0.867506 0 105 255
30.2437 6.10116 48.1754 0.489831 0.070941 -0.868927 0 133 255
30.2771 6.67304 48.2067 0.477021 0.0984047 -0.873366 0 165 255
31.5544 5.09168 49.1613 0.515276 -0.0202244 -0.856786 0 100 255
31.5947 5.67566 49.1957 0.519601 -0.00541297 -0.854392 0 136 255
31.6891 6.34346 49.3052 0.507765 0.0448007 -0.86033 0 173 255
31.746 6.93526 49.352 0.519665 0.0827245 -0.850356 0 205 255
32.1569 5.16327 48.9865 0.520255 -0.0358658 -0.853257 0 153 255
32.1677 5.67095 48.9697 0.505016 -0.00989088 -0.863053 0 185 255
32.2249 6.25943 49.0215 0.503144 0.0267178 -0.863789 0 217 255
32.2498 6.93903 49.2204 0.492791 0.0635385 -0.867825 12 245 235
33.7122 5.24208 50.2378 0.530344 -0.0683938 -0.845019 0 189 255
33.7771 5.8483 50.3027 0.549002 -0.00285425 -0.835816 0 221 254
33.85 6.45845 50.3776 0.532209 0.0658089 -0.844052 19 253 228
33.9314 7.07313 50.4632 0.546079 0.0855089 -0.833358 51 255 196
34.5094 5.8695 50.3083 0.561325 -0.00440753 -0.827584 35 255 212
35.2788 5.82299 50.3749 0.583011 -0.0251064 -0.812076 73 255 173
-9.30031 9.40836 49.7214 -0.688343 -0.131638 -0.713341 0 93 255
-9.25698 8.8773 49.8118 -0.670671 -0.148791 -0.726678 0 100 255
-9.23912 8.33243 49.8641 -0.707453 -0.192874 -0.679934 0 109 255
-9.32625 7.78346 49.837 -0.699654 -0.247904 -0.670095 0 133 255
-9.24713 7.32708 49.9192 -0.660781 -0.327208 -0.675502 0 136 255
-8.60306 9.22949 48.8611 -0.43194 -0.152582 -0.888902 0 125 255
-8.6004 8.69952 48.9137 -0.471287 -0.0870212 -0.877676 0 133 255
-8.59795 8.16987 48.9609 -0.512198 -0.165682 -0.842735 0 145 255
-8.44614 7.56382 48.8846 -0.447613 -0.28454 -0.84775 0 157 255
-7.45203 9.62457 48.3018 -0.275877 -0.237135 -0.931482 0 93 255
-7.457 9.0967 48.3368 -0.286778 -0.202661 -0.936316 0 100 255
-7.45461 8.57535 48.3923 -0.309527 -0.0750147 -0.947927 0 113 255
-7.44707 8.05517 48.4508 -0.314365 -0.119798 -0.941713 0 116 255
-6.9801 9.67733 48.6411 -0.279958 -0.237848 -0.930082 0 33 255
-6.96948 9.13895 48.6552 -0.307183 -0.201893 -0.929988 0 45 255
-6.97869 8.61127 48.6824 -0.358421 -0.0675702 -0.931111 0 57 255
-6.97162 8.09097 48.7441 -0.366607 -0.116651 -0.923034 0 65 255
-6.97399 7.56191 48.7682 -0.373527 -0.173102 -0.911325 0 77 255
-6.54879 8.61074 48.649 -0.487799 -0.0755513 -0.869681 0 29 255
-5.88457 9.50612 47.9431 -0.488181 -0.117011 -0.864863 0 20 255
-5.88792 8.98438 47.9698 -0.502542 -0.0737353 -0.861403 0 41 255
-5.97331 7.92022 47.9125 -0.48949 -0.096768 -0.866623 0 73 255
-5.91493 7.48204 48.0616 -0.494023 -0.164806 -0.853687 0 73 255
-5.57489 9.47401 47.7953 -0.466387 -0.125725 -0.875601 0 17 255
29.9828 8.5135 48.6734 0.495812 0.0819888 -0.864551 0 229 248
30.0374 9.09938 48.702 0.518475 0.0611477 -0.852904 28 255 219
30.391 7.33018 48.2884 0.47303 0.0855355 -0.876884 0 205 255
30.4434 7.91023 48.3268 0.493502 0.0872806 -0.865354 9 241 238
30.5015 8.49405 48.3713 0.500739 0.0650962 -0.863147 38 255 209
30.6293 9.17238 48.5193 0.497011 0.0655437 -0.865265 70 255 177
31.8089 7.53079 49.405 0.51598 0.0859178 -0.852281 9 241 238
31.8784 8.13058 49.4654 0.516214 0.0910974 -0.851601 41 255 206
31.9553 8.73524 49.5344 0.530615 0.0626552 -0.845294 70 255 177
32.0286 9.34492 49.6271 0.522024 0.0622484 -0.850656 99 255 148
32.4168 7.53358 49.2351 0.522374 0.0814843 -0.848815 48 255 199
33.3434 9.30593 49.4292 0.532896 0.0831881 -0.842082 170 255 77
-10.5287 11.6805 50.0039 -0.737768 -0.0873063 -0.669384 0 93 255
-10.5165 11.1917 50.0331 -0.721835 -0.133807 -0.679007 0 97 255
-9.77408 11.9984 49.0868 -0.681399 -0.0592375 -0.729511 0 116 255
-9.79652 11.4551 49.135 -0.69811 -0.099661 -0.70902 0 116 255
-9.73586 10.9867 49.2174 -0.682089 -0.156532 -0.71432 0 116 255
-9.31837 12.0565 49.4253 -0.674229 -0.0561537 -0.736384 0 61 255
-9.25302 11.584 49.5223 -0.693274 -0.0937454 -0.714551 0 49 255
-9.30612 11.0329 49.5346 -0.661066 -0.17694 -0.729167 0 65 255
-9.31927 9.88277 49.6838 -0.682239 -0.177618 -0.709226 0 89 255
-8.62305 11.8247 48.5598 -0.523003 -0.0931878 -0.847221 0 89 255
-8.57964 11.3071 48.7116 -0.519371 -0.143115 -0.84248 0 81 255
-8.66258 10.2835 48.6705 -0.52637 -0.170743 -0.832935 0 116 255
-8.60555 9.75988 48.8036 -0.496105 -0.159439 -0.853498 0 113 255
-7.53904 11.6939 47.8721 -0.355081 -0.113673 -0.927899 0 81 255
-7.51041 10.6421 48.0548 -0.334488 -0.21251 -0.918127 0 84 255
-7.42448 10.1641 48.3161 -0.29006 -0.266973 -0.919016 0 73 255
-6.9661 10.2065 48.5495 -0.304038 -0.271917 -0.913029 0 29 255
-6.58485 9.64696 48.5287 -0.397363 -0.173816 -0.90105 0 17 255
29.1133 11.8862 47.9904 0.468303 0.0922203 -0.878742 151 255 96
30.0978 9.68952 48.7373 0.538058 0.021284 -0.842639 57 255 190
30.1649 10.2846 48.7806 0.513752 0.0249064 -0.857577 90 255 157
30.2393 10.8853 48.8334 0.491551 0.00980242 -0.870794 122 255 125
30.3965 11.5945 49.019 0.477955 -0.00602508 -0.878364 157 255 90
30.7065 9.76859 48.5834 0.472827 0.0330029 -0.880537 99 255 148
30.7224 10.2749 48.5471 0.465949 0.0163211 -0.884661 128 255 119
30.8856 10.9799 48.7439 0.475151 0.00919175 -0.879856 164 255 83
31.0671 11.7 48.9675 0.482094 0.0700308 -0.873316 199 255 48
31.5109 10.9951 48.6295 0.49834 0.0160556 -0.866833 199 255 48
32.2093 10.0592 49.8129 0.522024 0.0622484 -0.850656 141 255 106
32.3143 10.686 49.9273 0.528957 0.0189282 -0.848438 173 255 73
-10.2151 14.5009 49.836 -0.741333 -0.0259902 -0.670633 0 65 255
-10.0484 13.4656 50.0882 -0.76675 -0.0306689 -0.641213 0 36 255
-9.8038 12.5368 48.9779 -0.650258 -0.084938 -0.754951 0 116 255
-9.33551 14.2345 49.0657 -0.652774 -0.00109616 -0.757552 0 73 255
-9.33202 13.6891 49.1623 -0.631349 -0.00127875 -0.775497 0 61 255
-9.32854 13.1442 49.2539 -0.631475 -0.0463041 -0.774012 0 57 255
-9.32518 12.5999 49.3402 -0.636932 -0.0604472 -0.768547 0 57 255
-8.63622 14.4963 48.1113 -0.479886 0.00877489 -0.877287 0 97 255
-8.63318 13.9611 48.2116 -0.543567 -0.0288853 -0.838869 0 93 255
-8.59071 12.4164 48.4811 -0.546946 -0.0533173 -0.835469 0 84 255
-7.02472 13.3411 47.9802 -0.416558 -0.0175469 -0.90894 0 17 255
-7.00427 12.8143 48.1005 -0.40028 -0.0975407 -0.911187 0 20 255
-6.79096 13.8641 47.7031 -0.458502 0.0630561 -0.886454 0 33 255
28.5454 14.5993 49.0299 0.431732 0.322685 -0.842308 222 255 25
29.1966 12.4878 48.0511 0.492553 0.218075 -0.842517 183 255 64
29.2892 13.0974 48.1258 0.461317 0.273625 -0.843988 215 255 31
29.8372 12.5883 47.9779 0.488543 0.184588 -0.852791 222 255 25
-10.0829 16.7515 49.5068 -0.692731 0.0921259 -0.715288 0 81 255
-10.111 16.1868 49.5972 -0.682588 -0.0148962 -0.730651 0 77 255
-10.5477 15.0145 49.4837 -0.714475 -0.0417117 -0.698417 0 113 255
-9.36621 16.9197 48.5756 -0.582547 0.0791014 -0.808939 0 105 255
-9.3618 16.37 48.6947 -0.58478 0.0464083 -0.809863 0 100 255
-9.35747 15.821 48.8087 -0.616566 -0.00967672 -0.787244 0 89 255
-9.35322 15.2726 48.9177 -0.635073 -0.0435929 -0.771221 0 81 255
-8.86509 17.0518 48.8541 -0.548532 0.0744041 -0.832813 0 52 255
-8.85831 15.9503 49.0923 -0.530621 0.0206284 -0.847358 0 33 255
-8.85127 16.5539 48.9119 -0.503126 0.042393 -0.863173 0 49 255
-8.634 15.0319 48.0147 -0.470273 -0.0136599 -0.882415 0 105 255
-8.15766 15.64 48.2257 -0.436098 0.00180307 -0.899897 0 57 255
-8.1607 15.101 48.3261 -0.450269 0.0124427 -0.892806 0 49 255
-7.6747 16.7923 48.2987 -0.481653 0.0299243 -0.875851 0 25 255
-7.68102 15.2238 48.5569 -0.446954 0.039465 -0.893686 0 1 255
-6.52823 15.4639 47.9273 -0.528951 0.07145 -0.845639 0 0 255
26.714 14.6655 48.1257 0.381619 0.334444 -0.861692 170 255 77
28.1044 15.2599 49.3774 0.428328 0.360989 -0.828385 222 255 25
-10.8461 17.0951 50.4187 -0.738155 0.0846156 -0.669304 0 65 255
-9.37071 17.4701 48.4515 -0.548532 0.0744041 -0.832813 0 116 255
-8.87266 18.1555 48.5927 -0.539949 0.0343949 -0.840995 0 84 255
-8.86895 17.6032 48.7252 -0.514142 0.105959 -0.851135 0 68 255
-7.87204 18.3175 49.2412 -0.527136 0.009748 -0.849725 0 0 241
-7.67752 17.3352 48.1728 -0.478143 0.00419018 -0.878272 0 41 255
15.6651 -17.6976 50.4802 -0.82396 -0.551127 -0.131714 0 0 237
18.0131 -18.8327 51.6628 0.376149 0.920749 0.103603 0 116 255
23.8348 -18.6299 52.9288 0.0109853 -0.195724 -0.980597 138 255 109
19.7255 -16.8001 51.6185 0.342783 0.874568 -0.342974 48 255 199
20.1902 -16.6108 51.1151 0.547003 0.415737 -0.726602 31 255 215
20.701 -15.1692 52.8474 -0.189177 -0.427667 -0.883919 219 255 28
22.7899 -16.6352 52.6215 0.034412 -0.27438 -0.961005 190 255 57
24.9059 -16.2121 52.7438 -0.0840551 -0.291854 -0.952762 248 245 0
27.0333 -15.6828 52.765 0.0403742 -0.4926 -0.869319 255 219 0
27.0716 -15.1679 52.9657 0.0245362 -0.56344 -0.825793 255 178 0
27.1279 -16.4397 52.8206 0.051077 -0.472471 -0.879865 244 248 2
3.5064 -13.7667 51.0475 0.133412 -0.88612 -0.443838 0 9 255
16.6722 -13.5872 52.8471 -0.435181 -0.475048 -0.764818 128 255 119
17.1743 -14.6718 52.1723 -0.795538 -0.0612737 -0.602797 70 255 177
17.2099 -13.6181 52.5384 -0.195104 -0.54559 -0.815025 131 255 115
17.2185 -13.0445 52.6852 -0.176437 -0.602257 -0.77856 164 255 83
17.6968 -14.0378 51.9596 -0.143023 -0.493214 -0.85807 99 255 148
17.7386 -12.9755 52.3311 -0.195913 -0.577951 -0.792206 164 255 83
18.2014 -13.9719 51.5714 -0.18984 -0.519619 -0.833041 96 255 151
18.2114 -13.4058 51.7257 -0.228591 -0.54604 -0.80597 125 255 122
18.2399 -12.9268 51.9268 -0.126618 -0.549757 -0.825672 154 255 93
19.1935 -14.3538 52.5272 -0.0372849 -0.603153 -0.796753 180 255 67
19.2121 -13.1942 52.83 -0.101947 -0.585795 -0.804022 241 252 6
19.7033 -13.7042 52.2547 -0.0981245 -0.607866 -0.787953 199 255 48
19.7064 -12.7315 50.6815 -0.00789793 -0.540377 -0.841386 122 255 125
19.7353 -13.2212 52.4592 0.0521034 -0.564821 -0.823567 228 255 19
21.2044 -14.5006 52.5442 -0.137596 -0.401103 -0.90564 231 255 15
21.6903 -14.4197 52.0734 -0.121615 -0.384499 -0.915079 212 255 35
21.698 -13.8358 52.2208 -0.00272036 -0.572718 -0.819748 244 248 2
21.7064 -13.2521 52.3646 0.0118843 -0.57334 -0.819232 255 215 0
21.7151 -12.6685 52.5042 0.0408686 -0.583756 -0.8109 255 178 0
22.1817 -13.1752 51.8777 -0.04731 -0.548593 -0.83475 254 237 0
22.1897 -12.5944 52.0139 -0.0570942 -0.537708 -0.841195 255 204 0
23.2447 -13.4614 52.7356 -0.113358 -0.61732 -0.778502 255 152 0
23.7144 -13.3862 52.2169 -0.122213 -0.552703 -0.824368 255 178 0
23.7656 -14.0364 52.2239 -0.110036 -0.578432 -0.808275 255 204 0
24.2236 -13.3903 51.8067 -0.0442271 -0.518344 -0.854028 255 204 0
24.6407 -12.6234 51.323 0.0109259 -0.470289 -0.882445 255 215 0
24.8427 -14.8734 52.8793 -0.0997564 -0.568894 -0.816338 255 171 0
25.3127 -13.5773 52.6055 -0.0191322 -0.449332 -0.89316 255 141 0
25.3198 -14.7895 52.3731 -0.0587387 -0.523073 -0.850261 255 211 0
25.3636 -14.2885 52.5896 -0.0185788 -0.501513 -0.864951 255 171 0
25.8362 -14.2085 52.0835 0.00909803 -0.43596 -0.89992 255 211 0
26.2814 -12.9215 51.7664 0.031931 -0.457173 -0.888804 255 182 0
26.2931 -13.5256 51.6775 0.0369895 -0.472743 -0.880424 255 215 0
27.4431 -13.1153 52.606 0.146385 -0.407227 -0.90152 255 122 0
27.5122 -13.842 52.6296 0.117156 -0.430998 -0.894715 255 152 0
27.5419 -14.4675 52.5664 0.0872558 -0.461502 -0.882838 255 185 0
28.0025 -13.7761 52.1583 0.126655 -0.453273 -0.882327 255 193 0
28.0374 -14.4035 52.1102 0.169866 -0.431208 -0.886118 255 226 0
28.4618 -13.0942 51.7523 0.144197 -0.429329 -0.891563 255 200 0
29.7018 -12.6867 52.7396 0.30878 -0.372937 -0.87497 255 115 0
29.8086 -13.4347 52.8295 0.334692 -0.485421 -0.807681 255 137 0
30.2878 -12.7519 52.4428 0.337372 -0.426186 -0.839372 255 159 0
30.3455 -13.3972 52.4486 0.354031 -0.462736 -0.812735 255 174 0
-0.883408 -10.0931 52.5712 -0.575215 -0.520781 -0.630805 0 141 255
-0.329163 -10.7311 52.5438 -0.713892 -0.436514 -0.547553 0 93 255
-0.327709 -10.1772 52.661 -0.575215 -0.520781 -0.630805 0 93 255
16.8105 -12.1654 51.5489 0.0701716 -0.644801 -0.761123 102 255 144
17.3138 -12.1122 51.188 0.0127288 -0.638213 -0.769754 99 255 148
17.3222 -11.5542 51.3195 -0.0103897 -0.619849 -0.784652 122 255 125
17.8175 -11.5011 50.9433 0.0127554 -0.620349 -0.784223 119 255 128
18.2488 -12.3582 52.0672 -0.141878 -0.539901 -0.829685 183 255 64
18.3073 -10.26 50.7581 0.0550993 -0.592212 -0.803896 167 255 80
18.7522 -12.2801 51.6913 -0.161945 -0.491265 -0.855823 177 255 70
18.7558 -11.7319 51.7992 -0.111302 -0.523849 -0.844508 202 255 44
19.2357 -12.2359 51.2486 -0.0665284 -0.486875 -0.870935 160 255 86
19.2438 -11.6747 51.378 -0.0973028 -0.561664 -0.821624 190 255 57
19.7155 -12.1713 50.8187 -0.0650154 -0.520597 -0.851323 148 255 99
19.7246 -11.6108 50.9509 -0.0955905 -0.527282 -0.844296 180 255 67
19.7337 -11.0499 51.0778 -0.00495582 -0.514995 -0.857179 206 255 41
20.1951 -11.5471 50.5071 -0.073448 -0.430435 -0.899628 164 255 83
20.2051 -11.0194 50.5826 -0.073448 -0.430435 -0.899628 186 255 60
20.6701 -12.3252 51.5846 -0.00504001 -0.564515 -0.825408 225 255 22
21.1854 -11.2062 51.4387 0.117897 -0.488391 -0.864624 255 222 0
21.6659 -11.7942 50.8953 0.0510755 -0.53325 -0.844414 222 255 25
21.7243 -12.0848 52.6393 -0.00320071 -0.549351 -0.835586 255 145 0
22.1087 -10.5099 50.5833 -0.0595851 -0.441668 -0.895198 244 248 2
22.6552 -12.5192 51.5157 -0.0403252 -0.49267 -0.869281 255 226 0
22.6627 -11.9413 51.644 -0.0660231 -0.55286 -0.830655 255 193 0
23.1149 -12.4369 51.0184 -0.106241 -0.590577 -0.799958 241 252 6
23.1185 -11.8682 51.1355 -0.0866334 -0.584717 -0.806598 255 222 0
23.1611 -10.8055 51.4343 -0.0545244 -0.541642 -0.838839 255 167 0
23.5619 -12.3673 50.5054 0.0620876 -0.539213 -0.839878 212 255 35
23.5664 -11.7947 50.6233 0.0696009 -0.493141 -0.867161 235 255 12
23.5757 -11.207 50.7546 0.0807439 -0.495423 -0.864891 255 234 0
24.6426 -12.0376 51.4362 0.00146507 -0.460437 -0.887691 255 185 0
24.6457 -11.4527 51.5476 0.0338876 -0.490407 -0.870835 255 156 0
24.6499 -10.8683 51.6562 0.041998 -0.416223 -0.908292 255 130 0
25.0894 -11.3809 51.0153 0.0291322 -0.45049 -0.892306 255 200 0
25.0912 -10.7991 51.117 0.0716441 -0.492478 -0.867371 255 174 0
25.5274 -10.1526 50.6743 0.03634 -0.555565 -0.830679 255 204 0
25.5648 -10.8208 50.6565 0.0753118 -0.49341 -0.86653 255 219 0
26.2728 -12.3378 51.8207 0.108874 -0.425848 -0.89822 255 156 0
26.6723 -11.5557 51.3337 0.100031 -0.466367 -0.878917 255 178 0
26.7285 -12.2496 51.3408 0.0941657 -0.403329 -0.910197 255 193 0
27.122 -11.4907 50.8217 0.0998568 -0.484513 -0.869066 255 226 0
27.1549 -10.9904 50.9768 0.0774882 -0.466612 -0.881061 255 204 0
27.8615 -10.6016 52.3956 0.236222 -0.468254 -0.851433 255 82 0
27.8991 -12.4327 52.1776 0.222086 -0.398983 -0.889658 255 134 0
28.3322 -11.1494 51.8069 0.254234 -0.449671 -0.856248 255 148 0
28.404 -11.8582 51.8445 0.204862 -0.345183 -0.915904 255 152 0
28.4305 -12.4742 51.7959 0.23615 -0.339597 -0.910443 255 174 0
28.7783 -10.4886 51.3677 0.288772 -0.502882 -0.81469 255 200 0
28.8013 -11.0956 51.3229 0.249584 -0.469469 -0.84694 255 208 0
28.8837 -11.8051 51.3796 0.209398 -0.372757 -0.903994 255 204 0
29.2515 -10.4423 50.9047 0.280865 -0.512383 -0.811529 238 255 9
29.2834 -11.0501 50.8779 0.274037 -0.474694 -0.836403 231 255 15
30.2375 -12.1128 52.447 0.333595 -0.3587 -0.871808 255 156 0
30.5699 -10.0917 51.9698 0.392728 -0.402768 -0.826766 255 222 0
30.6095 -10.7156 51.96 0.375344 -0.414124 -0.829227 255 219 0
30.6551 -11.3439 51.9569 0.364124 -0.360886 -0.858589 255 215 0
31.2023 -10.788 51.6925 0.437863 -0.380394 -0.814602 231 255 15
32.6072 -10.3619 52.8211 0.51658 -0.30958 -0.798314 255 234 0
32.6123 -10.911 52.7593 0.518535 -0.327906 -0.789683 255 234 0
-2.53004 -7.82431 52.5281 -0.759531 -0.234402 -0.606769 6 237 241
-2.52809 -8.44037 52.3897 -0.723689 -0.313764 -0.614676 41 255 206
-1.9823 -9.01248 52.456 -0.630488 -0.456727 -0.627602 12 245 235
-1.93531 -8.26336 51.3277 -0.650927 -0.366775 -0.664658 54 255 193
-1.93478 -7.72405 51.424 -0.746823 -0.1355 -0.651072 25 255 222
-1.4337 -9.58515 52.5038 -0.586343 -0.507013 -0.631775 0 197 255
-1.3993 -8.82212 51.3805 -0.590421 -0.435616 -0.679443 51 255 196
-1.39846 -8.282 51.4811 -0.660087 -0.36255 -0.657908 22 255 225
-0.882245 -9.5396 52.6829 -0.586343 -0.507013 -0.631775 0 149 255
-0.30857 -8.12518 50.5621 -0.810847 -0.209985 -0.546291 9 241 238
20.6917 -9.26007 50.5161 -0.0585805 -0.367664 -0.928112 244 248 2
27.5327 -9.66062 50.5141 0.208061 -0.502156 -0.839375 254 237 0
29.2714 -9.92898 51.0174 0.302595 -0.466178 -0.831333 244 248 2
29.6221 -8.00314 50.5615 0.424444 -0.333845 -0.841662 173 255 73
29.6458 -8.59929 50.5381 0.398602 -0.349901 -0.847753 180 255 67
29.6734 -9.19803 50.5172 0.339774 -0.413079 -0.844937 186 255 60
31.0463 -9.44236 51.577 0.450226 -0.38567 -0.805329 212 255 35
32.3456 -8.26312 52.5897 0.558149 -0.291796 -0.77674 193 255 54
32.4897 -9.0777 52.7623 0.568741 -0.315562 -0.759575 222 255 25
32.5448 -9.71721 52.7874 0.534441 -0.339853 -0.773869 241 252 6
33.0179 -8.43428 52.4338 0.57421 -0.308611 -0.758315 157 255 90
33.0797 -9.07217 52.4749 0.58243 -0.31377 -0.749882 177 255 70
-3.07073 -6.2182 52.5767 -0.631121 -0.219128 -0.74409 0 173 255
-3.07096 -7.31939 52.4003 -0.742555 -0.145715 -0.653742 12 245 235
-2.5275 -6.78677 52.6737 -0.73724 -0.13309 -0.662393 0 165 255
-2.52729 -6.23452 52.7585 -0.683261 -0.150645 -0.714465 0 129 255
-2.52706 -5.68175 52.8383 -0.616501 -0.244331 -0.748484 0 93 255
-1.36475 -7.03583 50.4833 -0.746104 -0.0390259 -0.664685 12 245 235
-1.36391 -6.50655 50.567 -0.742351 0.0203578 -0.669702 0 209 255
-1.36306 -5.97682 50.6459 -0.587821 0.0579327 -0.806914 0 177 255
-0.83775 -7.58033 50.5315 -0.819579 0.053781 -0.570437 12 245 235
-0.836657 -7.05037 50.6193 -0.784705 0.0286591 -0.619207 0 209 255
-0.835504 -6.51996 50.7024 -0.757023 0.0223309 -0.653007 0 173 255
-0.83438 -5.98912 50.7808 -0.702858 0.0697944 -0.707898 0 136 255
-0.833334 -5.45783 50.8545 -0.618812 0.0804701 -0.781407 0 109 255
-0.307177 -7.5946 50.654 -0.848977 0.0126124 -0.528279 0 205 255
29.6017 -7.40917 50.5864 0.416001 -0.279036 -0.865495 167 255 80
31.4511 -7.57741 51.1902 0.485048 -0.330756 -0.809524 131 255 115
31.8138 -5.5871 50.7092 0.480986 -0.356255 -0.801084 25 255 222
31.9102 -6.87318 50.7758 0.485856 -0.33075 -0.809041 64 255 183
32.4728 -6.3456 50.5328 0.49397 -0.324047 -0.806838 9 241 238
32.7988 -6.37897 52.2365 0.563381 -0.34376 -0.751286 86 255 160
33.3442 -5.75599 51.9297 0.611891 -0.306886 -0.728979 19 253 228
-9.20221 -3.34716 52.6296 -0.554346 -0.406643 -0.726183 164 255 83
-6.37899 -2.88624 52.9421 -0.402888 -0.439016 -0.803085 0 189 255
-5.02012 -2.67783 52.3803 -0.53727 -0.462672 -0.705178 0 116 255
-4.61562 -3.84487 52.3745 -0.490126 -0.435294 -0.755179 0 153 255
-4.57353 -2.80825 51.1202 -0.425744 -0.454437 -0.782451 0 173 255
-4.19396 -3.48261 52.4539 -0.503858 -0.416981 -0.756475 0 105 255
-4.13045 -3.96579 52.4978 -0.499776 -0.432718 -0.750319 0 121 255
-4.12628 -4.51514 52.4315 -0.474922 -0.425874 -0.770117 0 157 255
-4.13233 -5.06747 52.3534 -0.465758 -0.450515 -0.761647 0 189 255
-4.05336 -2.8175 51.3394 -0.400945 -0.419799 -0.814256 0 125 255
-3.6214 -4.56008 52.5915 -0.426999 -0.45338 -0.78238 0 116 255
-3.61163 -5.10052 52.5368 -0.4599 -0.444986 -0.768426 0 145 255
-3.52817 -2.82564 51.5453 -0.36096 -0.420902 -0.832196 0 81 255
-3.52341 -3.35715 51.5035 -0.411918 -0.412717 -0.812396 0 113 255
-3.48809 -3.84655 51.5268 -0.419112 -0.444481 -0.791695 0 136 255
-3.08882 -4.58252 52.7703 -0.427368 -0.438128 -0.790822 0 73 255
-3.05894 -5.10335 52.7535 -0.451607 -0.383731 -0.805483 0 100 255
-3.00033 -3.37658 51.6787 -0.321021 -0.442823 -0.83717 0 73 255
-2.99791 -3.91382 51.6255 -0.330571 -0.436747 -0.836645 0 113 255
-2.46739 -5.00806 51.6688 -0.499054 -0.334211 -0.79953 0 125 255
-2.47869 -4.47912 51.7144 -0.417032 -0.415654 -0.80828 0 93 255
-2.46628 -3.38341 51.8592 -0.340252 -0.434071 -0.834153 0 33 255
-2.40592 -2.77024 50.7264 -0.32637 -0.389004 -0.861486 0 65 255
-1.99232 -5.04495 51.7454 -0.584221 -0.185055 -0.790215 0 89 255
-1.88557 -3.84404 50.7703 -0.355044 -0.280863 -0.891661 0 89 255
-1.87922 -2.77527 50.8919 -0.324319 -0.418744 -0.848216 0 29 255
-1.35765 -4.38465 50.8595 -0.509104 -0.0886964 -0.856123 0 77 255
-1.34698 -3.8492 50.9439 -0.453719 -0.218108 -0.864042 0 41 255
-1.35057 -3.31131 50.9867 -0.404954 -0.309765 -0.860266 0 17 255
-1.37504 -2.80748 50.9816 -0.368851 -0.402363 -0.837886 0 0 255
-0.83128 -4.9263 50.9248 -0.583683 0.0793244 -0.808098 0 77 255
-0.833083 -4.39394 50.9857 -0.566415 -0.0114645 -0.82404 0 41 255
-0.837147 -3.86241 51.0354 -0.49968 -0.190662 -0.844966 0 9 255
-0.361439 -4.39059 50.9855 -0.599988 -0.0168449 -0.799831 0 13 255
-0.397667 -3.87615 50.9786 -0.556084 -0.120787 -0.822302 0 0 255
33.8168 -2.68914 51.6188 0.622496 -0.141825 -0.769665 0 49 255
33.9448 -4.68441 51.7442 0.617125 -0.217485 -0.756212 0 149 255
34.4738 -2.7732 51.454 0.62672 -0.120739 -0.769834 0 4 255
34.4902 -3.30842 51.4714 0.606708 -0.177926 -0.774757 0 29 255
34.5619 -4.53894 51.5329 0.620365 -0.21193 -0.755137 0 93 255
-7.44422 -0.663817 52.5156 -0.497101 -0.349565 -0.794163 0 177 255
-7.3251 -1.154 52.6166 -0.458752 -0.413761 -0.786351 0 189 255
-6.96861 -1.26182 52.7127 -0.412651 -0.459053 -0.786759 0 165 255
-6.86818 -1.72015 52.8233 -0.394074 -0.499356 -0.771589 0 173 255
-6.70239 -0.61444 51.5892 -0.592328 -0.391211 -0.704345 0 177 255
-6.42571 -2.37641 52.9153 -0.36515 -0.468768 -0.804315 0 165 255
-6.26956 -0.671983 51.7759 -0.529599 -0.476497 -0.701766 0 136 255
-6.17492 -1.14442 51.8486 -0.488669 -0.543872 -0.682206 0 149 255
-6.07554 -1.6152 51.9516 -0.50411 -0.513544 -0.694367 0 161 255
-5.81764 -0.803388 51.931 -0.491528 -0.531777 -0.689647 0 105 255
-5.64063 -1.67019 52.1198 -0.489977 -0.510519 -0.706607 0 121 255
-5.55088 -1.12136 50.913 -0.391952 -0.47151 -0.78997 0 161 255
-5.06994 -2.23905 52.3418 -0.509348 -0.492334 -0.705813 0 100 255
-5.16529 -0.746194 50.8715 -0.304657 -0.438456 -0.845542 0 121 255
-5.09428 -1.19327 51.0226 -0.397004 -0.431285 -0.810173 0 129 255
-5.08838 -1.72385 50.993 -0.391753 -0.445777 -0.804868 0 153 255
-4.72383 -2.43998 52.3202 -0.510188 -0.490686 -0.706354 0 93 255
-4.62777 -0.723226 51.1516 -0.28127 -0.467123 -0.838262 0 68 255
-4.57744 -1.19841 51.2532 -0.366063 -0.413933 -0.833461 0 81 255
-4.5629 -1.71805 51.2512 -0.398052 -0.391715 -0.829526 0 105 255
-4.06218 -1.74931 51.4168 -0.374253 -0.391759 -0.840511 0 65 255
-3.40943 -0.596704 50.6409 -0.372916 -0.346038 -0.860925 0 20 255
-3.40246 -1.11929 50.6114 -0.33219 -0.364337 -0.870005 0 41 255
-2.93634 -2.25122 50.5682 -0.270791 -0.414151 -0.868994 0 84 255
-2.90971 -1.67886 50.6958 -0.341426 -0.393495 -0.853575 0 52 255
-2.92985 -1.16903 50.698 -0.406823 -0.341946 -0.847094 0 17 255
-2.41083 -2.24832 50.7585 -0.318711 -0.435931 -0.841658 0 36 255
-2.42433 -1.81062 50.73 -0.338404 -0.462317 -0.819601 0 20 255
-1.89404 -2.26676 50.895 -0.337509 -0.443789 -0.830144 0 1 255
-1.40635 -2.32422 50.9427 -0.372464 -0.441013 -0.816565 0 0 241
34.423 -0.793982 51.4207 0.616799 -0.0316133 -0.786486 0 0 168
34.4309 -1.4768 51.4255 0.6271 -0.0853647 -0.774247 0 0 214
34.446 -2.08583 51.4405 0.629706 -0.0801215 -0.772691 0 0 232
-9.22583 2.0574 52.9477 -0.577515 -0.412174 -0.704691 0 149 255
-9.2219 1.49352 52.9287 -0.580843 -0.377414 -0.721236 0 177 255
-9.21784 0.930218 52.9043 -0.610647 -0.337967 -0.716162 0 205 255
-8.48831 2.02137 51.9691 -0.63261 -0.390768 -0.66866 0 157 255
-7.98743 1.46784 52.2712 -0.620881 -0.411506 -0.66721 0 129 255
-7.98313 0.430724 52.2401 -0.576563 -0.30301 -0.758788 0 177 255
-7.97218 0.920089 52.262 -0.615879 -0.360182 -0.700687 0 153 255
-7.93407 -0.171094 52.2454 -0.545544 -0.268951 -0.793755 0 205 255
-7.6796 2.0712 51.1529 -0.590069 -0.429161 -0.683842 0 149 255
-7.49629 0.419214 52.5231 -0.574532 -0.300616 -0.761277 0 129 255
-7.4648 0.920464 52.569 -0.601641 -0.34176 -0.721961 0 100 255
-7.48501 -0.132216 52.5001 -0.536046 -0.315505 -0.783015 0 157 255
-7.30067 1.97637 51.3062 -0.553627 -0.420219 -0.718967 0 116 255
-7.169 1.53784 51.4389 -0.59794 -0.440096 -0.669913 0 125 255
-6.75376 0.439616 51.5984 -0.630186 -0.37329 -0.680823 0 129 255
-6.91221 0.812011 51.4145 -0.61736 -0.407782 -0.67274 0 133 255
-6.72659 -0.0892485 51.5934 -0.623178 -0.398548 -0.672911 0 157 255
-6.30598 -0.220956 51.7464 -0.572687 -0.403523 -0.713581 0 121 255
-6.18745 1.89642 50.5085 -0.361954 -0.304338 -0.881117 0 109 255
-6.15744 0.84803 50.5521 -0.415913 -0.338594 -0.844021 0 145 255
-6.04877 0.395824 50.6896 -0.437055 -0.370105 -0.819759 0 141 255
-5.66686 -0.176692 50.7366 -0.376978 -0.411647 -0.82972 0 136 255
-5.75293 0.204397 50.5748 -0.353378 -0.421521 -0.835131 0 136 255
-3.45424 -0.120262 50.5508 -0.373725 -0.410734 -0.831641 0 4 255
-3.07267 -0.285701 50.3519 -0.423706 -0.419484 -0.802811 0 9 255
34.4231 0.346745 51.4229 0.619141 -0.0693885 -0.782208 0 0 168
34.4316 0.954375 51.4315 0.625978 -0.0648665 -0.777138 0 0 200
34.4456 1.56243 51.4448 0.623255 -0.0788275 -0.778036 0 0 250
34.4887 2.24742 51.4988 0.618428 -0.108555 -0.778307 0 13 255
-10.2458 4.27625 52.2233 -0.644689 -0.267861 -0.715979 0 165 255
-10.2427 3.78675 52.2272 -0.631772 -0.305321 -0.712491 0 185 255
-9.74236 3.66313 52.6043 -0.582624 -0.356264 -0.730496 0 133 255
-9.73946 3.17165 52.6037 -0.651835 -0.366147 -0.664114 0 157 255
-9.50247 4.19153 51.2781 -0.569983 -0.284923 -0.770674 0 173 255
-9.01354 4.20992 51.6304 -0.570948 -0.254284 -0.780614 0 116 255
-8.99963 3.59209 51.6429 -0.660928 -0.271511 -0.699611 0 145 255
-8.99653 3.11185 51.6445 -0.63504 -0.356028 -0.685542 0 165 255
-8.98511 2.63789 51.6558 -0.626638 -0.404712 -0.665983 0 185 255
-8.50725 2.48981 51.9542 -0.644211 -0.412647 -0.643983 0 136 255
-8.3096 4.667 50.6842 -0.615487 -0.215827 -0.75802 0 116 255
-8.30152 4.12824 50.7003 -0.613657 -0.214256 -0.759947 0 133 255
-8.22361 3.5507 50.7959 -0.61811 -0.257832 -0.742605 0 145 255
-8.14393 3.13552 50.897 -0.564458 -0.272376 -0.779229 0 153 255
-7.80416 4.69163 51.0179 -0.568963 -0.235367 -0.787962 0 61 255
-7.80176 4.14778 51.027 -0.578195 -0.228639 -0.783208 0 77 255
-7.81428 2.50148 50.9954 -0.564627 -0.380028 -0.732649 0 153 255
-6.12278 3.56156 50.6715 -0.401053 -0.273948 -0.874133 0 25 255
34.5189 2.85825 51.5291 0.604637 -0.136203 -0.784769 0 36 255
35.2661 2.94131 51.5204 0.607679 -0.134847 -0.782651 0 100 255
35.2799 3.47892 51.5233 0.609694 -0.139262 -0.780307 0 129 255
35.3307 4.09657 51.5781 0.61073 -0.133553 -0.780495 0 168 255
-10.756 7.0486 51.733 -0.735587 -0.24084 -0.633173 0 121 255
-10.7467 5.99911 51.7756 -0.650801 -0.282672 -0.704666 0 161 255
-10.2696 6.94681 52.162 -0.72089 -0.258239 -0.643141 0 65 255
-10.2611 6.52299 52.1586 -0.674559 -0.251719 -0.69398 0 84 255
-10.2544 5.32822 52.2094 -0.624545 -0.256489 -0.73767 0 116 255
-10.2498 4.83723 52.2153 -0.633678 -0.251462 -0.731587 0 141 255
-9.64253 6.26556 51.0772 -0.672307 -0.315113 -0.669856 0 113 255
-9.55501 5.75005 51.1932 -0.623422 -0.314794 -0.715716 0 116 255
-9.49775 5.29575 51.2685 -0.58878 -0.308718 -0.747015 0 125 255
-9.49929 4.74407 51.2786 -0.583137 -0.241444 -0.775665 0 149 255
-9.02933 5.31013 51.5955 -0.605171 -0.27501 -0.747086 0 73 255
-9.01405 4.76337 51.6252 -0.583137 -0.241444 -0.775665 0 93 255
-8.34243 6.2058 50.6064 -0.530543 -0.448975 -0.718989 0 65 255
-8.30118 5.6906 50.675 -0.54923 -0.384167 -0.742134 0 73 255
-8.30497 5.21222 50.6787 -0.60315 -0.295557 -0.740848 0 93 255
35.4336 4.7989 51.7071 0.608497 -0.0965807 -0.787657 0 209 255
35.5064 5.42485 51.7883 0.583561 -0.0257557 -0.811661 15 249 231
35.681 6.69047 51.9849 0.581168 0.04371 -0.812609 77 255 170
36.3557 5.45869 51.9379 0.647378 -0.0536382 -0.760279 64 255 183
36.6241 6.82798 52.2703 0.643219 0.052098 -0.763908 131 255 115
-12.0875 9.66796 52.2169 -0.743836 -0.18058 -0.643505 0 93 255
-11.5608 9.41534 52.5478 -0.733111 -0.193502 -0.652001 0 45 255
-11.5631 8.8399 52.591 -0.738482 -0.208877 -0.641104 0 57 255
-10.7681 8.10151 51.6805 -0.762117 -0.177589 -0.622608 0 84 255
-10.7624 7.54038 51.7195 -0.755255 -0.231207 -0.613297 0 100 255
-10.0252 9.59432 50.6119 -0.748665 -0.190864 -0.634879 0 68 255
-10.0235 9.04283 50.6641 -0.765923 -0.146437 -0.626033 0 77 255
-10.0177 8.4923 50.7143 -0.78061 -0.165036 -0.602836 0 89 255
-10.0147 7.9418 50.7568 -0.761531 -0.202254 -0.615762 0 105 255
-9.98602 7.39643 50.8151 -0.724751 -0.286043 -0.62683 0 116 255
33.473 8.38351 50.7958 0.543302 0.151834 -0.825693 73 255 173
33.5705 9.01279 50.8957 0.564084 0.123127 -0.816486 106 255 141
33.6786 9.6486 51.0106 0.583208 0.10032 -0.806104 141 255 106
34.0849 7.78239 50.6546 0.546415 0.116139 -0.829423 83 255 164
34.1903 8.41117 50.7713 0.552183 0.157004 -0.818806 112 255 135
34.3064 9.04749 50.9004 0.551634 0.170543 -0.816465 148 255 99
34.8144 7.2808 50.6924 0.580727 0.107353 -0.806989 99 255 148
34.9321 7.91288 50.8302 0.577021 0.121591 -0.807627 131 255 115
36.0266 8.63451 52.3847 0.605938 0.110436 -0.787809 180 255 67
36.2485 9.39815 52.6705 0.607361 0.138543 -0.782252 225 255 22
36.7496 7.47908 52.4302 0.662865 0.0412779 -0.7476 164 255 83
36.9694 8.23745 52.6922 0.674545 0.0414464 -0.737069 206 255 41
37.1279 8.90797 52.9012 0.657517 0.0983417 -0.746994 244 248 2
-11.5727 9.92273 52.5305 -0.743836 -0.18058 -0.643505 0 29 255
-11.2858 11.353 50.9773 -0.774851 -0.0890833 -0.625835 0 73 255
-11.2762 10.2299 51.106 -0.733929 -0.18882 -0.652453 0 89 255
-11.2725 10.8549 51.0017 -0.749822 -0.139209 -0.646829 0 81 255
-10.7904 10.2856 51.5128 -0.733929 -0.18882 -0.652453 0 29 255
-10.7873 10.9145 51.4104 -0.743519 -0.132769 -0.655402 0 17 255
-10.0385 10.6344 50.5261 -0.737501 -0.175055 -0.652264 0 41 255
-11.6038 13.3855 52.1075 -0.776536 -0.0405003 -0.62877 0 1 255
-11.5962 14.0244 51.9555 -0.781998 -0.0315349 -0.622482 0 17 255
-10.8305 14.2461 50.961 -0.769555 -0.0333444 -0.637709 0 25 255
-10.8084 12.5461 51.2335 -0.779045 -0.0594799 -0.62414 0 9 255
-11.6362 16.8704 51.4883 -0.777272 0.0487103 -0.627276 0 45 255
-10.8362 15.954 50.6539 -0.76681 -0.0261305 -0.641342 0 41 255
-10.8331 15.3842 50.7624 -0.786444 -0.0250567 -0.617153 0 33 255
-11.1271 18.1854 51.5667 -0.757703 0.097827 -0.645225 0 9 255
-10.6087 19.5082 51.6003 -0.7211 0.23143 -0.653035 0 0 255
-10.3574 18.3336 50.5511 -0.701813 0.12111 -0.70199 0 25 255
19.6581 -20.2442 54.4091 -0.301642 -0.718358 -0.626876 54 255 193
26.4104 -20.3736 55.1563 0.333681 -0.539433 -0.773091 209 255 38
19.0735 -17.6317 55.3989 -0.250002 -0.546188 -0.799486 212 255 35
19.6319 -18.8877 54.6904 -0.133313 -0.616001 -0.776383 135 255 112
21.8053 -19.7635 54.6972 -0.268313 -0.584641 -0.765639 157 255 90
21.8517 -19.2597 54.9873 -0.306475 -0.568969 -0.763117 199 255 48
23.4442 -19.6125 53.4953 -0.0995912 -0.598001 -0.795284 119 255 128
23.8813 -18.1318 53.19 0.0109853 -0.195724 -0.980597 180 255 67
23.9816 -19.2584 54.8889 -0.102164 -0.5083 -0.855099 235 255 12
24.0326 -18.7472 55.1716 -0.104017 -0.433357 -0.8952 255 208 0
24.549 -18.0118 54.8354 0.0461955 -0.275529 -0.960182 255 182 0
25.0649 -17.9195 54.3511 0.11439 -0.302643 -0.946215 255 208 0
25.6418 -17.9594 54.0098 0.130436 -0.378279 -0.916456 255 234 0
26.1597 -17.8774 53.5546 0.166579 -0.451288 -0.876693 231 255 15
26.2609 -18.6634 53.6149 0.232867 -0.419786 -0.877241 199 255 48
26.4173 -19.1622 55.4879 0.351285 -0.443736 -0.824437 255 189 0
26.4485 -19.8378 55.3956 0.353177 -0.530925 -0.770315 254 237 0
26.8991 -17.7452 55.2159 0.204118 -0.456324 -0.866086 255 130 0
27.3902 -18.1988 54.532 0.197333 -0.448991 -0.871474 255 208 0
27.4279 -17.666 54.75 0.230332 -0.467433 -0.853495 255 159 0
14.2953 -15.3888 55.4642 -0.538096 -0.609296 -0.582418 96 255 151
14.8574 -15.9373 55.007 -0.484681 -0.661451 -0.572335 73 255 173
14.8657 -15.3402 55.1783 -0.538096 -0.609296 -0.582418 109 255 138
15.4294 -15.2883 54.8752 -0.496425 -0.61351 -0.61414 119 255 128
15.9867 -15.2335 54.5563 -0.455846 -0.488327 -0.744138 128 255 119
16.5259 -15.7648 54.0467 -0.342579 -0.528058 -0.777042 106 255 141
16.5353 -15.1748 54.2184 -0.364236 -0.50889 -0.779977 138 255 109
16.9385 -17.3906 55.0891 -0.376548 -0.721533 -0.581034 112 255 135
16.9481 -16.786 55.2769 -0.376548 -0.721533 -0.581034 148 255 99
17.0376 -16.1895 53.4544 -0.294752 -0.587145 -0.753911 77 255 170
17.0671 -15.7007 53.6938 -0.294752 -0.587145 -0.753911 112 255 135
17.0946 -15.2077 53.9216 -0.381333 -0.540668 -0.749842 144 255 102
17.4704 -17.2155 54.656 -0.245993 -0.655897 -0.713643 122 255 125
17.6209 -15.7305 53.3881 -0.261535 -0.604128 -0.752748 119 255 128
18.0255 -16.5428 54.4636 -0.144398 -0.609369 -0.779628 164 255 83
18.5997 -15.9929 54.2971 -0.0511205 -0.579175 -0.813598 202 255 44
19.1521 -15.999 53.9834 -0.103302 -0.632979 -0.767246 209 255 38
19.1613 -15.4019 54.1531 -0.0403379 -0.546056 -0.836777 241 252 6
19.6559 -17.046 55.2501 -0.180719 -0.528035 -0.829771 254 237 0
19.6835 -15.3268 53.7306 -0.138197 -0.584112 -0.799822 241 252 6
20.1919 -16.9634 54.8191 -0.158837 -0.507796 -0.846708 254 237 0
20.1967 -15.2491 53.2949 -0.352477 -0.537106 -0.76634 231 255 15
20.2008 -16.3526 54.9956 -0.078783 -0.569075 -0.818503 255 193 0
20.7148 -16.8767 54.371 -0.215785 -0.481772 -0.849313 248 245 0
20.7265 -16.2696 54.5481 -0.144518 -0.519169 -0.842365 255 200 0
21.2377 -16.791 53.9223 -0.128147 -0.524497 -0.841713 235 255 12
21.2451 -16.1851 54.0914 -0.0972687 -0.627849 -0.772233 255 215 0
21.743 -17.3072 53.2945 -0.100729 -0.280535 -0.954544 183 255 64
21.7916 -16.207 53.7163 -0.0942177 -0.572151 -0.814719 255 230 0
21.797 -15.6011 53.8736 -0.104419 -0.561654 -0.820756 255 189 0
22.2502 -16.6125 52.9912 0.00841679 -0.223852 -0.974587 202 255 44
22.8648 -16.4559 54.6061 -0.053783 -0.427558 -0.902387 255 148 0
22.8735 -15.8389 54.769 -0.0247603 -0.524453 -0.851079 255 104 0
23.3708 -16.3648 54.1117 -0.000630774 -0.311815 -0.950143 255 167 0
23.3747 -15.749 54.2651 0.0199636 -0.363373 -0.93143 255 126 0
23.3801 -15.1343 54.4172 0.0128022 -0.569398 -0.821962 255 85 0
23.8698 -16.2739 53.6152 0.0212005 -0.265877 -0.963774 255 189 0
23.8711 -15.6596 53.7603 0.0245875 -0.409794 -0.911847 255 148 0
23.9212 -17.0082 53.5839 0.0811505 -0.168193 -0.982408 255 230 0
25.0477 -16.0168 54.7561 -0.184496 -0.445432 -0.8761 255 71 0
25.1046 -16.7678 54.7367 -0.112169 -0.348485 -0.930579 255 115 0
25.5462 -15.9274 54.2402 -0.100895 -0.452719 -0.885927 255 108 0
26.0991 -15.9581 53.8515 0.0512481 -0.484023 -0.873553 255 141 0
26.5791 -15.2449 53.4548 -0.0383741 -0.5186 -0.854156 255 137 0
26.5969 -15.8766 53.3606 0.00269301 -0.494806 -0.869 255 174 0
27.3297 -16.8774 54.694 0.273722 -0.452398 -0.848771 255 122 0
28.3743 -15.5475 54.0347 0.294637 -0.528203 -0.796361 255 119 0
28.4115 -16.2031 53.9805 0.324567 -0.502927 -0.801075 255 152 0
29.695 -15.8376 55.0722 0.387525 -0.541722 -0.745896 255 59 0
29.9044 -16.7758 55.3361 0.410085 -0.491225 -0.768458 255 89 0
30.2687 -15.235 54.8146 0.382583 -0.559465 -0.735275 255 56 0
15.9968 -14.641 54.7238 -0.455846 -0.488327 -0.744138 160 255 86
16.1564 -13.7297 53.2337 -0.542453 -0.397984 -0.739834 119 255 128
16.56 -14.6764 54.4343 -0.373741 -0.544861 -0.750629 170 255 77
16.6814 -13.0127 52.9969 -0.319032 -0.553757 -0.769137 157 255 90
17.1094 -14.514 54.07 -0.352748 -0.574933 -0.738255 183 255 64
17.6201 -14.463 53.6615 -0.2629 -0.585546 -0.766824 183 255 64
18.1351 -14.9806 53.1117 -0.110145 -0.600363 -0.792106 154 255 93
18.1556 -13.8147 53.4358 -0.128173 -0.601047 -0.788869 219 255 28
20.2058 -14.6572 53.4559 -0.115433 -0.526461 -0.842327 255 222 0
20.7097 -14.5799 53.0056 -0.131366 -0.470392 -0.872625 251 241 0
20.7188 -13.9907 53.1597 -0.0536289 -0.492198 -0.86883 255 204 0
22.7638 -14.1277 53.1134 0.0218978 -0.466301 -0.884355 255 159 0
24.3615 -14.9596 53.3913 -0.0314962 -0.568859 -0.821831 255 137 0
24.8419 -14.2653 53.0059 -0.110911 -0.57958 -0.807332 255 137 0
26.5029 -13.8844 53.5499 -0.0176049 -0.527082 -0.849632 255 71 0
27.051 -14.5392 53.0481 0.051121 -0.463564 -0.884587 255 145 0
29.3323 -14.1284 53.2284 0.329778 -0.51513 -0.791131 255 130 0
30.7665 -14.5179 54.4225 0.403687 -0.553712 -0.728313 255 63 0
31.7751 -13.1203 53.6792 0.436844 -0.46655 -0.769089 255 104 0
33.237 -12.7295 54.8995 0.536422 -0.443076 -0.718287 255 59 0
33.3248 -13.4188 54.9584 0.509654 -0.45502 -0.730212 255 56 0
33.5112 -14.2394 55.1771 0.496948 -0.477426 -0.724643 255 52 0
-2.65593 -10.5946 54.6821 -0.639119 -0.545527 -0.542151 0 133 255
-2.03201 -10.3611 53.515 -0.614589 -0.519785 -0.593383 0 157 255
-1.50978 -11.7346 54.8122 -0.600852 -0.583792 -0.546044 0 36 255
-1.48684 -10.4026 53.6514 -0.597589 -0.525363 -0.605707 0 105 255
-0.932305 -12.2711 54.8677 -0.558719 -0.627987 -0.541725 0 0 255
-0.87597 -11.4391 53.6546 -0.698765 -0.512403 -0.49917 0 49 255
-0.938614 -10.9397 53.6958 -0.581453 -0.595116 -0.554752 0 57 255
29.087 -10.7573 53.2787 0.294593 -0.408253 -0.864028 255 45 0
31.6373 -12.3481 53.5356 0.46073 -0.415725 -0.784156 255 111 0
32.0309 -10.3751 53.1408 0.502607 -0.31651 -0.804492 255 182 0
32.2172 -11.7785 53.2955 0.462429 -0.364525 -0.808258 255 163 0
34.2126 -10.5981 54.1455 0.60644 -0.304942 -0.73433 255 226 0
-4.41588 -7.69008 54.5788 -0.683632 -0.351236 -0.63975 9 241 238
-3.79492 -8.74925 54.6795 -0.70338 -0.355122 -0.615747 9 241 238
-3.70155 -9.26935 54.6661 -0.694353 -0.396653 -0.60045 0 229 248
-3.14625 -8.62451 53.4904 -0.711781 -0.349905 -0.609043 31 255 215
-2.59298 -9.70807 53.5024 -0.631288 -0.494385 -0.597544 0 205 255
-2.03151 -9.79729 53.6323 -0.614589 -0.519785 -0.593383 0 153 255
33.9476 -7.96059 53.9658 0.579993 -0.328367 -0.745509 177 255 70
34.1967 -10.0296 54.1847 0.590613 -0.320755 -0.740467 251 241 0
36.505 -8.35048 55.4481 0.612935 -0.321712 -0.721673 122 255 125
36.541 -8.93743 55.4652 0.608891 -0.331532 -0.720651 144 255 102
37.2571 -8.29957 55.3285 0.612619 -0.30744 -0.728134 73 255 173
-6.72986 -5.98908 55.2711 -0.472801 -0.601338 -0.64409 35 255 212
-6.56161 -5.26971 53.9514 -0.400712 -0.497037 -0.769665 41 255 206
-6.16976 -6.59384 55.4669 -0.491387 -0.633102 -0.598097 19 253 228
-6.01933 -5.28951 54.2312 -0.405951 -0.481915 -0.776506 0 229 248
-5.47118 -5.30828 54.4956 -0.485245 -0.476912 -0.732866 0 177 255
-5.4694 -5.8806 54.4127 -0.513755 -0.472465 -0.716124 0 209 255
-4.91615 -5.90031 54.6624 -0.531974 -0.448796 -0.718043 0 161 255
-4.74547 -5.15603 53.4516 -0.460816 -0.433992 -0.774144 0 173 255
-4.25136 -5.77396 53.5395 -0.519031 -0.358993 -0.775713 0 168 255
-4.24919 -6.33472 53.4567 -0.536757 -0.273209 -0.798278 0 200 255
-3.70082 -5.7904 53.7557 -0.524338 -0.366156 -0.768765 0 116 255
-3.7003 -6.35355 53.6722 -0.548497 -0.302198 -0.779633 0 157 255
-3.69977 -6.91613 53.5837 -0.642082 -0.280492 -0.713481 0 197 255
-3.69291 -7.61129 53.406 -0.71271 -0.257293 -0.652568 12 245 235
-1.97906 -5.69541 53.0055 -0.625452 -0.179131 -0.759422 0 52 255
34.5237 -7.31434 53.6801 0.582754 -0.313507 -0.74974 106 255 141
35.0973 -6.59297 53.3987 0.583508 -0.314905 -0.748568 31 255 215
35.1592 -7.24051 53.4516 0.576494 -0.315327 -0.753806 57 255 190
35.7459 -5.4111 53.2693 0.607354 -0.256013 -0.752049 0 157 255
35.8097 -6.05642 53.3327 0.583199 -0.295313 -0.756749 0 193 255
37.1704 -7.61094 55.3282 0.620212 -0.289179 -0.729186 51 255 196
37.7292 -5.54262 55.0318 0.639704 -0.230689 -0.733185 0 133 255
37.9491 -6.98319 55.2904 0.629403 -0.255172 -0.733989 0 205 255
-8.36724 -4.76344 54.4905 -0.510581 -0.5141 -0.689209 106 255 141
-7.83023 -4.78424 54.8225 -0.495086 -0.551577 -0.671307 67 255 180
-7.64088 -2.96649 53.6333 -0.157718 -0.363269 -0.918238 15 249 231
-7.63759 -3.53266 53.5695 -0.16164 -0.359587 -0.919005 41 255 206
-7.10791 -2.98018 53.9342 -0.163517 -0.370338 -0.914392 0 197 255
-7.10669 -3.54738 53.8783 -0.168859 -0.363823 -0.916035 0 229 248
-7.10376 -4.11523 53.8096 -0.188096 -0.415706 -0.889836 25 255 222
-6.56921 -3.56126 54.1722 -0.306131 -0.369376 -0.877408 0 177 255
-6.56678 -4.13149 54.1036 -0.296089 -0.424429 -0.855682 0 209 255
-6.56423 -4.70095 54.0301 -0.314388 -0.437203 -0.842623 12 245 235
-6.0215 -4.71859 54.3093 -0.394012 -0.444026 -0.804733 0 193 255
-5.84473 -2.89628 53.212 -0.422119 -0.422741 -0.801939 0 136 255
-5.84767 -3.46152 53.1458 -0.411039 -0.379993 -0.828645 0 177 255
-5.37309 -3.52543 53.3068 -0.494627 -0.344715 -0.79782 0 136 255
-5.2749 -4.00817 53.3795 -0.472366 -0.378793 -0.795856 0 153 255
-5.1953 -4.50451 53.4295 -0.470884 -0.445601 -0.761386 0 173 255
-4.83992 -4.6677 53.4092 -0.470605 -0.430213 -0.770356 0 157 255
34.9255 -4.039 53.2679 0.639585 -0.213386 -0.73851 0 145 255
35.6185 -4.05105 53.1335 0.642115 -0.203137 -0.739205 0 89 255
36.3279 -2.87912 53.0714 0.660516 -0.132716 -0.738989 0 0 246
37.5566 -3.55339 54.8502 0.693711 -0.146984 -0.705097 0 33 255
37.6043 -4.21287 54.8995 0.681951 -0.175399 -0.710055 0 65 255
37.6954 -4.96134 55.0083 0.664641 -0.197227 -0.720662 0 105 255
-10.2385 -0.719822 55.2921 -0.737495 -0.363303 -0.569309 9 241 238
-8.69453 -1.25256 53.1328 -0.531186 -0.304449 -0.790666 28 255 219
-8.69369 -0.759793 53.1509 -0.596033 -0.323406 -0.734951 6 237 241
-8.16618 -1.82332 53.4116 -0.235568 -0.342123 -0.909648 9 241 238
-8.1713 -1.3294 53.443 -0.363659 -0.287937 -0.885915 0 213 255
-8.17191 -2.38956 53.3737 -0.329488 -0.394991 -0.857566 35 255 212
-7.63695 -2.39871 53.6794 -0.2213 -0.363943 -0.904749 0 217 255
-7.64145 -1.90294 53.7134 -0.270457 -0.405751 -0.873052 0 189 255
-7.10866 -2.4805 53.9701 -0.361447 -0.452519 -0.81522 0 168 255
-5.91667 -2.4047 53.1496 -0.420826 -0.43775 -0.794531 0 121 255
36.2477 -0.276122 52.9883 0.677376 -0.0734428 -0.731962 0 0 168
36.2529 -0.905617 52.9917 0.68317 -0.0663821 -0.727236 0 0 178
36.2648 -1.53583 53.0033 0.668059 -0.0824589 -0.739525 0 0 182
36.2951 -2.24539 53.0367 0.672957 -0.0919133 -0.733949 0 0 209
38.3319 -0.213345 54.8687 0.711856 -0.0447057 -0.700901 0 0 223
38.3341 -0.948838 54.8681 0.683036 -0.0775393 -0.726257 0 0 182
-11.2994 2.13349 54.6186 -0.739921 -0.350008 -0.574465 0 213 255
-10.7817 1.63112 55.0253 -0.74794 -0.312074 -0.58583 0 181 255
-10.7848 1.04334 54.9947 -0.743344 -0.338387 -0.577004 0 209 255
-10.7667 -0.130166 54.9344 -0.747811 -0.332636 -0.574571 28 255 219
-10.7625 0.307711 54.9276 -0.731756 -0.352331 -0.583434 12 245 235
-10.4989 2.08967 53.5806 -0.680145 -0.374826 -0.630007 0 213 255
-10.2383 -0.205427 55.3091 -0.741376 -0.345879 -0.575091 0 213 255
-9.97408 0.374607 53.8919 -0.66159 -0.296214 -0.68888 9 241 238
-8.70903 1.50022 53.28 -0.592004 -0.361302 -0.720411 0 121 255
-8.70537 0.93431 53.2558 -0.574332 -0.315731 -0.755286 0 149 255
-8.70371 -0.125323 53.2083 -0.603187 -0.301617 -0.738372 0 200 255
-8.69697 0.371138 53.2353 -0.559509 -0.303189 -0.771379 0 177 255
36.2608 0.43046 53.0074 0.673732 -0.0389948 -0.737946 0 0 205
36.2758 1.06014 53.0258 0.675029 -0.0355239 -0.736935 0 0 255
36.2982 1.69059 53.0515 0.694205 -0.0612264 -0.717168 0 20 255
38.3396 0.441428 54.8797 0.714148 -0.0347266 -0.699132 0 0 255
38.3742 1.17769 54.9264 0.718952 -0.0298096 -0.69442 0 41 255
38.407 1.83443 54.9675 0.720909 -0.0204523 -0.692728 0 89 255
-11.3049 2.71926 54.635 -0.737907 -0.33786 -0.584246 0 185 255
-10.5037 2.66317 53.5956 -0.67841 -0.379142 -0.629294 0 181 255
37.533 2.39888 54.8455 0.707604 -0.0564212 -0.704353 0 65 255
38.5026 3.15371 55.0824 0.720265 -0.0812892 -0.68892 0 173 255
38.7339 4.65901 55.3807 0.725129 -0.0853268 -0.683306 35 255 212
38.8317 5.33439 55.4998 0.731639 -0.0890626 -0.675849 73 255 173
-12.8637 9.62516 53.0487 -0.811598 -0.145846 -0.565719 0 105 255
-12.3609 9.16663 53.5274 -0.803552 -0.170518 -0.570288 0 65 255
38.9598 7.22718 54.5095 0.718902 -0.0619631 -0.692344 212 255 35
39.5102 9.32882 55.2019 0.7164 -0.0643971 -0.694712 255 141 0
-12.9309 11.7012 52.9959 -0.863263 -0.0362719 -0.503449 0 65 255
-13.3048 15.18 53.9525 -0.902623 0.0314719 -0.429279 0 17 255
20.7394 -20.6231 57.5913 -0.246733 -0.658711 -0.71079 241 252 6
21.3052 -21.1788 56.955 -0.261409 -0.74781 -0.610284 196 255 51
21.3524 -20.6594 57.2691 -0.222505 -0.683773 -0.694943 244 248 2
26.1723 -22.0292 57.7678 0.217721 -0.617893 -0.755517 255 211 0
26.6954 -21.2367 57.4033 0.265032 -0.592664 -0.760596 255 189 0
26.7551 -21.9465 57.341 0.330775 -0.587334 -0.738665 255 234 0
27.3433 -21.8736 56.9388 0.33443 -0.580457 -0.742446 235 255 12
27.79 -20.9302 56.4216 0.369321 -0.575744 -0.729466 255 234 0
29.1474 -20.0716 57.8768 0.3733 -0.554158 -0.744013 255 82 0
29.837 -20.1677 57.6567 0.387249 -0.540396 -0.747001 255 108 0
16.8167 -17.9322 56.9264 -0.432157 -0.743028 -0.511028 173 255 73
17.4066 -18.5926 56.4446 -0.394757 -0.756772 -0.521022 148 255 99
18.5482 -17.821 55.8832 -0.317956 -0.741719 -0.590557 206 255 41
20.1804 -18.7829 56.3927 -0.246989 -0.643351 -0.724635 254 237 0
20.7255 -19.3228 55.7652 -0.283442 -0.578393 -0.764933 212 255 35
21.9179 -19.9109 57.0088 -0.213455 -0.603205 -0.768493 255 200 0
21.921 -19.2608 57.193 -0.199874 -0.561342 -0.803085 255 152 0
23.5039 -18.2029 55.8169 -0.066048 -0.434577 -0.898209 255 137 0
25.8998 -19.9213 55.8393 0.20119 -0.593106 -0.779582 255 215 0
28.8917 -18.2776 56.1146 0.41733 -0.499316 -0.759288 255 100 0
29.7706 -19.4369 57.6759 0.383167 -0.527593 -0.758175 255 63 0
30.3714 -19.3856 57.2896 0.394365 -0.51639 -0.760143 255 96 0
30.8267 -17.8903 56.9132 0.401573 -0.510293 -0.760487 255 45 0
30.9037 -18.6148 56.9239 0.389737 -0.50453 -0.770425 255 85 0
30.9938 -19.3519 56.9571 0.420551 -0.509499 -0.750698 255 126 0
31.4359 -17.8559 56.5631 0.402075 -0.500266 -0.766857 255 78 0
31.5328 -18.5904 56.6129 0.383742 -0.500301 -0.776171 255 115 0
33.0268 -18.2898 57.9496 0.422272 -0.496868 -0.758162 255 19 0
14.0796 -15.8432 57.1995 -0.540415 -0.637174 -0.549509 160 255 86
14.6627 -16.4114 56.746 -0.449513 -0.689702 -0.567669 135 255 112
16.2417 -17.3726 57.4615 -0.395632 -0.744588 -0.537647 199 255 48
16.2512 -16.7463 57.6496 -0.399091 -0.720054 -0.567669 235 255 12
16.3952 -16.2438 55.8067 -0.435772 -0.710415 -0.552643 177 255 70
16.8265 -17.3088 57.1202 -0.395632 -0.744588 -0.537647 212 255 35
19.0838 -17.0185 55.5884 -0.171499 -0.655397 -0.735556 251 241 0
31.1943 -16.2909 56.372 0.410712 -0.488527 -0.769842 232 0 0
31.2625 -16.9968 56.3739 0.398715 -0.487352 -0.776862 255 37 0
31.7908 -16.2569 56.0107 0.408308 -0.479366 -0.776848 255 30 0
31.8008 -15.6815 56.141 0.427331 -0.45212 -0.782927 223 0 0
32.5029 -15.7893 55.9682 0.453227 -0.445235 -0.772238 255 22 0
33.9441 -15.3116 57.1467 0.472917 -0.437603 -0.764757 159 0 0
34.1547 -16.1848 57.3993 0.512966 -0.444405 -0.734418 187 0 0
34.7429 -15.4594 57.1122 0.516899 -0.440524 -0.733999 196 0 0
34.885 -16.2139 57.2517 0.536808 -0.455999 -0.70986 223 0 0
32.3264 -14.9527 55.7695 0.45859 -0.461195 -0.759602 228 0 0
33.8467 -14.5865 57.0819 0.50518 -0.437756 -0.74375 128 0 0
35.0925 -13.2825 56.6118 0.571452 -0.383258 -0.725642 255 37 0
35.2152 -14.0102 56.7271 0.54736 -0.415351 -0.726554 255 19 0
35.7076 -12.5909 56.3683 0.588469 -0.370761 -0.718498 255 115 0
-4.46757 -10.1226 55.6351 -0.67451 -0.514027 -0.529918 6 237 241
-3.99369 -11.6267 57.0788 -0.688388 -0.579792 -0.435848 0 165 255
-3.88802 -10.22 55.8086 -0.671063 -0.526453 -0.522036 0 177 255
-2.80231 -12.2266 57.4091 -0.638933 -0.640647 -0.425835 0 65 255
-2.19414 -12.3932 57.4858 -0.638933 -0.640647 -0.425835 0 13 255
34.9018 -12.4507 56.3849 0.575712 -0.377739 -0.725169 255 67 0
35.5858 -11.8842 56.2111 0.600711 -0.372919 -0.707162 255 145 0
36.0371 -10.389 55.8104 0.604798 -0.332374 -0.723704 241 252 6
36.2269 -11.1994 56.045 0.590241 -0.35543 -0.724765 255 219 0
38.1127 -10.8043 57.7329 0.637949 -0.345225 -0.688361 235 255 12
-10.1382 -8.47906 57.5459 -0.422789 -0.679107 -0.600052 255 222 0
-7.08932 -8.15349 57.9897 -0.503804 -0.645002 -0.57459 57 255 190
-5.75495 -7.99582 57.0172 -0.621389 -0.558251 -0.549755 6 237 241
-5.04402 -7.74684 55.8438 -0.67113 -0.420644 -0.610445 0 229 248
35.8439 -9.01451 55.585 0.597851 -0.337991 -0.726868 190 255 57
35.8762 -9.58551 55.6681 0.596877 -0.347442 -0.723202 215 255 31
37.9809 -10.0753 57.5887 0.637949 -0.345225 -0.688361 209 255 38
39.4546 -8.0437 57.4471 0.66754 -0.294334 -0.683929 38 255 209
-10.7765 -6.24957 57.8161 -0.658299 -0.482383 -0.577883 186 255 60
-9.3864 -6.13817 56.9992 -0.562284 -0.510542 -0.650526 131 255 115
-8.82741 -6.16608 57.3624 -0.569803 -0.54696 -0.613319 90 255 157
-8.81371 -6.84363 57.2069 -0.468944 -0.637206 -0.611604 125 255 122
-8.25266 -6.26519 57.6558 -0.468944 -0.637206 -0.611604 51 255 196
-8.24847 -6.87352 57.556 -0.468944 -0.637206 -0.611604 80 255 167
-8.03612 -5.50566 56.2061 -0.47369 -0.600791 -0.643947 54 255 193
-7.68285 -6.82979 57.9424 -0.451395 -0.669391 -0.59005 31 255 215
-7.67818 -7.44029 57.838 -0.428388 -0.705683 -0.564354 64 255 183
-6.92441 -6.7672 56.6373 -0.474626 -0.650205 -0.593266 28 255 219
-6.33337 -7.36946 56.8449 -0.571011 -0.584516 -0.576443 15 249 231
-5.61289 -7.1355 55.6885 -0.636888 -0.466308 -0.613947 6 237 241
38.2993 -7.08553 57.004 0.677622 -0.257691 -0.688784 44 255 202
39.1719 -6.52922 57.1051 0.675141 -0.233843 -0.699644 0 200 255
-10.7784 -5.09254 57.9494 -0.703525 -0.381839 -0.599376 125 255 122
-9.38744 -5.00159 57.1285 -0.623505 -0.433689 -0.650504 77 255 170
-9.15009 -3.09796 55.8228 -0.717482 -0.349984 -0.602271 28 255 219
-9.14545 -3.68884 55.7533 -0.698435 -0.366091 -0.614953 57 255 190
39.76 -3.02766 56.8804 0.693177 -0.117771 -0.71108 0 0 214
39.812 -3.71361 56.939 0.686296 -0.13819 -0.714074 0 0 255
39.9079 -4.49125 57.0566 0.688902 -0.151602 -0.708824 0 33 255
39.9523 -5.09698 57.0992 0.700686 -0.149192 -0.697697 0 68 255
-11.9187 -0.216164 57.6032 -0.783859 -0.325975 -0.528493 0 221 254
-11.9116 -0.83124 57.5534 -0.771231 -0.330846 -0.543823 19 253 228
-11.054 -1.33751 56.3647 -0.779615 -0.330521 -0.531936 38 255 209
-11.0535 -0.812124 56.3852 -0.773466 -0.34195 -0.533685 12 245 235
-10.5113 -1.94795 56.7186 -0.765541 -0.329929 -0.552353 19 253 228
-10.5102 -1.42019 56.7415 -0.765541 -0.329929 -0.552353 0 225 251
-9.69287 -2.4944 55.5175 -0.731012 -0.405792 -0.548592 48 255 199
-9.69142 -1.97844 55.5424 -0.737733 -0.391162 -0.55022 25 255 222
39.6898 -1.66373 56.8022 0.687972 -0.0724894 -0.722108 0 0 146
39.7182 -2.3444 56.8389 0.687536 -0.116287 -0.716779 0 0 178
40.7476 -1.60129 57.1422 0.683415 -0.0781435 -0.725836 0 0 205
-12.4819 2.23976 57.2908 -0.806253 -0.324141 -0.494863 0 141 255
-12.4711 1.54824 57.2493 -0.78613 -0.338482 -0.517136 0 185 255
-12.4632 0.933049 57.2139 -0.785307 -0.327052 -0.525672 0 221 254
-11.9311 0.477794 57.6704 -0.785556 -0.327832 -0.524813 0 181 255
-11.604 1.51364 56.099 -0.748007 -0.336639 -0.571978 0 181 255
-11.6016 0.989431 56.0848 -0.755153 -0.333375 -0.564451 0 209 255
-12.1437 2.85393 55.7245 -0.76598 -0.314151 -0.560878 0 173 255
40.0279 6.58617 56.0261 0.73912 -0.10972 -0.664577 193 255 54
40.5003 8.19859 56.6395 0.794997 -0.165878 -0.583493 255 196 0
40.6084 8.82022 56.7633 0.794997 -0.165878 -0.583493 255 152 0
-13.6411 11.2644 56.0929 -0.931636 -0.0336311 -0.361834 0 0 232
-13.1165 13.9568 56.1489 -0.934006 0.090872 -0.345506 0 0 150
-13.2076 14.8897 56.3192 -0.934006 0.090872 -0.345506 0 0 132
28.6085 -20.8657 58.2463 0.364237 -0.564463 -0.740752 255 100 0
29.2988 -20.9602 58.0218 0.373657 -0.556789 -0.741867 255 126 0
30.2297 -22.2554 59.7038 0.372513 -0.617749 -0.692546 255 108 0
30.8957 -21.608 59.5486 0.385839 -0.573081 -0.722984 255 82 0
30.9942 -22.395 59.5844 0.374556 -0.596114 -0.71018 255 134 0
31.454 -20.7973 59.1861 0.398668 -0.54658 -0.73642 255 59 0
31.5587 -21.5806 59.2371 0.398453 -0.565186 -0.722358 255 108 0
34.5605 -20.7113 60.3899 0.482142 -0.485619 -0.729186 255 22 0
20.7618 -18.6733 58.1909 -0.290302 -0.556379 -0.778567 255 96 0
34.4034 -19.8871 60.2398 0.514825 -0.526777 -0.676359 205 0 0
35.0069 -19.1031 59.9339 0.531216 -0.497757 -0.6856 182 0 0
-3.58404 -13.0141 60.2793 -0.694055 -0.669814 -0.263888 0 125 255
36.983 -13.6622 58.3055 0.620933 -0.370403 -0.690828 255 41 0
-5.46349 -10.3002 60.1821 -0.680214 -0.625038 -0.382931 31 255 215
37.6174 -12.3373 58.1299 0.61506 -0.367903 -0.697387 255 145 0
39.6446 -11.9706 59.9934 0.657709 -0.35177 -0.66609 255 200 0
-10.5157 -7.65799 59.7645 -0.594722 -0.604498 -0.529989 180 255 67
-8.47608 -7.69014 59.0676 -0.490557 -0.670058 -0.557115 86 255 160
-6.68333 -9.0426 59.8068 -0.541496 -0.65513 -0.526866 28 255 219
40.0767 -9.65412 59.5155 0.673417 -0.292594 -0.678894 148 255 99
-7.09251 -7.5417 58.0996 -0.412258 -0.710762 -0.569965 22 255 225
41.6073 -6.20574 59.4375 0.68898 -0.248296 -0.680923 0 109 255
41.6221 -6.74623 59.4325 0.688554 -0.249199 -0.681024 0 136 255
-12.2379 -3.30092 59.0124 -0.75486 -0.302103 -0.582168 102 255 144
-12.236 -2.74919 59.042 -0.763223 -0.287181 -0.578807 77 255 170
-11.6727 -3.95097 59.3806 -0.720689 -0.358205 -0.593545 83 255 164
-10.7878 -2.77635 58.1836 -0.732076 -0.344952 -0.587429 12 245 235
-10.785 -4.47646 58.0375 -0.70084 -0.359227 -0.616263 93 255 154
42.3512 -3.18257 59.3802 0.695839 -0.124154 -0.707385 0 0 159
42.4527 -3.99501 59.4969 0.699077 -0.148051 -0.699551 0 0 191
43.6474 -3.14528 60.0107 0.701439 -0.133441 -0.700126 0 0 218
-13.1675 -2.25106 60.3685 -0.774216 -0.290745 -0.562189 73 255 173
-12.2441 -2.11908 59.113 -0.770843 -0.291614 -0.566358 48 255 199
42.2274 -0.240807 59.2263 0.651457 -0.0254639 -0.758258 0 49 255
42.285 -2.37703 59.2894 0.698835 -0.114821 -0.706007 0 0 191
43.525 -0.971108 59.855 0.690619 -0.0788754 -0.718905 0 73 255
43.5459 -1.69319 59.8927 0.689978 -0.117947 -0.714156 0 33 255
43.5886 -2.4178 59.9401 0.697134 -0.122416 -0.706412 0 0 255
42.2488 0.557532 59.257 0.647199 0.0214108 -0.76202 0 100 255
43.5377 0.56012 59.8759 0.653475 0.0217561 -0.756635 0 173 255
43.674 2.18694 60.057 0.443158 0.0501045 -0.895042 44 255 202
42.8568 5.24842 60.0508 0.411294 0.0966998 -0.906359 170 255 77
33.2215 -21.5012 60.9084 0.469521 -0.472955 -0.745563 250 15 0
33.8095 -20.6868 60.5666 0.485943 -0.509157 -0.710366 228 0 0
33.9568 -21.5135 60.6967 0.482142 -0.485619 -0.729186 255 41 0
35.4974 -20.9457 60.5395 0.500405 -0.463302 -0.7314 255 45 0
36.4406 -20.6547 62.2679 0.559271 -0.409569 -0.720742 146 0 0
36.6097 -18.0147 61.4157 0.612953 -0.463419 -0.639946 128 0 0
36.904 -19.0059 61.798 0.591793 -0.422349 -0.686588 128 0 0
37.7069 -16.203 60.5605 0.632605 -0.436503 -0.639746 128 0 0
38.4736 -14.9545 60.5745 0.645351 -0.439125 -0.625053 187 0 0
41.3094 -13.8029 62.3834 0.65919 -0.370394 -0.654428 255 145 0
42.0213 -11.7306 62.2968 0.67162 -0.357366 -0.649012 212 255 35
42.2282 -12.5469 62.5479 0.66418 -0.353511 -0.658707 238 255 9
-8.71626 -8.55219 60.6562 -0.336012 -0.741095 -0.58127 96 255 151
42.4525 -9.22885 61.7722 0.692328 -0.276777 -0.666391 64 255 183
43.4905 -7.99153 62.067 0.699776 -0.269859 -0.66143 0 165 255
44.3102 -5.67255 62.0623 0.698294 -0.249817 -0.670804 0 0 237
-12.6137 -4.53719 60.7267 -0.77525 -0.275957 -0.568186 138 255 109
44.1538 -4.81346 61.8643 0.703173 -0.240653 -0.669055 0 0 182
40.2437 -16.5195 63.2748 0.634799 -0.448547 -0.629154 128 0 0
42.2975 -15.3815 65.2084 0.627133 -0.421386 -0.655087 255 45 0
42.3976 -16.1098 65.2841 0.624746 -0.440346 -0.644816 255 19 0
43.4457 -15.5281 65.539 0.624746 -0.440346 -0.644816 255 122 0
41.6099 -13.9599 64.2246 0.641454 -0.415682 -0.644783 255 85 0
44.162 -13.9266 65.3527 0.555511 -0.47821 -0.680237 238 255 9
